sample_index,y_true,y_pred,prob_0,prob_1
0,0,1,0.4713938534259796,0.528606116771698
1,0,1,0.47879576683044434,0.5212041735649109
2,0,1,0.45838746428489685,0.5416125059127808
3,0,1,0.4941490590572357,0.5058509111404419
4,0,1,0.4510522186756134,0.548947811126709
5,0,1,0.4448094069957733,0.5551906228065491
6,0,0,0.5236161351203918,0.47638386487960815
7,0,1,0.46166977286338806,0.5383302569389343
8,0,1,0.443665474653244,0.5563344359397888
9,0,1,0.4675586521625519,0.5324414372444153
10,1,1,0.43452128767967224,0.5654787421226501
11,0,0,0.5228472352027893,0.4771527945995331
12,1,1,0.4383944571018219,0.5616055727005005
13,0,1,0.4614259600639343,0.5385740995407104
14,1,1,0.4468872547149658,0.5531127452850342
15,1,1,0.44446811079978943,0.5555318593978882
16,0,0,0.5210180878639221,0.4789818823337555
17,0,1,0.4379335343837738,0.5620664358139038
18,1,1,0.4414486587047577,0.5585512518882751
19,0,1,0.49892517924308777,0.5010748505592346
20,0,1,0.4436161518096924,0.5563838481903076
21,1,1,0.444280207157135,0.555719792842865
22,0,1,0.4435891807079315,0.5564107894897461
23,0,1,0.4430697560310364,0.5569303035736084
24,0,1,0.4613807201385498,0.538619339466095
25,0,1,0.47059696912765503,0.529403030872345
26,0,1,0.44713306427001953,0.5528669357299805
27,0,1,0.4356911778450012,0.5643088817596436
28,1,1,0.43879976868629456,0.5612002611160278
29,0,1,0.49920958280563354,0.5007904171943665
30,0,1,0.47134917974472046,0.5286507606506348
31,0,1,0.4806782901287079,0.5193216800689697
32,0,1,0.4361319839954376,0.56386798620224
33,0,1,0.43593263626098633,0.5640673637390137
34,0,0,0.5103628039360046,0.48963719606399536
35,0,1,0.44215500354766846,0.5578449964523315
36,1,1,0.4402332603931427,0.5597667098045349
37,1,1,0.43794265389442444,0.5620573163032532
38,0,1,0.469368577003479,0.530631422996521
39,0,1,0.470217227935791,0.5297828316688538
40,1,1,0.4384232461452484,0.5615766644477844
41,1,1,0.4287191331386566,0.5712808966636658
42,1,1,0.43089261651039124,0.5691073536872864
43,0,1,0.44449523091316223,0.5555047988891602
44,0,1,0.44699105620384216,0.553009033203125
45,1,1,0.42902761697769165,0.5709723830223083
46,1,1,0.4356776773929596,0.564322292804718
47,0,1,0.4596500098705292,0.5403499603271484
48,1,1,0.42987775802612305,0.570122241973877
49,0,1,0.43617621064186096,0.5638237595558167
50,0,1,0.4732803404331207,0.5267196893692017
51,1,1,0.4384692907333374,0.5615307688713074
52,0,1,0.4363715350627899,0.5636284351348877
53,0,1,0.4459178149700165,0.5540821552276611
54,1,1,0.4400675594806671,0.5599324107170105
55,0,0,0.5212818384170532,0.4787181615829468
56,0,1,0.44184932112693787,0.5581507086753845
57,0,1,0.4572521448135376,0.5427477955818176
58,0,1,0.4699211120605469,0.5300788283348083
59,1,1,0.4396386742591858,0.5603613257408142
60,0,1,0.44421687722206116,0.5557830929756165
61,1,1,0.4266708791255951,0.5733290910720825
62,0,1,0.4933653771877289,0.5066345930099487
63,0,1,0.45234793424606323,0.547652006149292
64,0,1,0.4505288898944855,0.5494710803031921
65,1,1,0.44270142912864685,0.5572985410690308
66,1,1,0.4505258798599243,0.5494741201400757
67,0,1,0.45220673084259033,0.5477932691574097
68,0,1,0.48374879360198975,0.516251266002655
69,1,1,0.42903003096580505,0.5709699988365173
70,1,1,0.44752317667007446,0.5524768829345703
71,0,1,0.49203094840049744,0.5079690217971802
72,0,1,0.46630212664604187,0.5336978435516357
73,0,1,0.45297667384147644,0.5470234155654907
74,0,1,0.44724398851394653,0.5527560114860535
75,0,1,0.4792626202106476,0.52073734998703
76,0,1,0.47246119379997253,0.5275387763977051
77,1,1,0.42850613594055176,0.571493923664093
78,0,1,0.4425893723964691,0.5574106574058533
79,0,1,0.48973381519317627,0.5102661848068237
80,0,1,0.4345402717590332,0.5654597878456116
81,0,1,0.4388676583766937,0.5611323118209839
82,0,1,0.47759050130844116,0.5224094986915588
83,0,1,0.4368709623813629,0.5631290674209595
84,0,1,0.4421352446079254,0.557864785194397
85,1,1,0.44250431656837463,0.557495653629303
86,0,1,0.45662716031074524,0.5433728694915771
87,0,1,0.4658926725387573,0.5341073274612427
88,0,0,0.5194871425628662,0.4805128574371338
89,0,0,0.5094418525695801,0.49055808782577515
90,0,1,0.48738333582878113,0.5126166939735413
91,0,1,0.43241390585899353,0.5675860643386841
92,0,1,0.45083126425743103,0.5491687059402466
93,0,1,0.4625292718410492,0.5374707579612732
94,1,1,0.4367027282714844,0.5632972717285156
95,0,1,0.4963740408420563,0.5036259889602661
96,1,1,0.4413125216960907,0.5586874485015869
97,0,1,0.48312097787857056,0.5168790817260742
98,0,1,0.459086537361145,0.540913462638855
99,0,1,0.4734852612018585,0.5265147089958191
100,0,1,0.4384622573852539,0.5615377426147461
101,0,0,0.5196292996406555,0.4803706407546997
102,0,1,0.43995997309684753,0.5600399971008301
103,1,1,0.4442082941532135,0.5557916760444641
104,1,1,0.4471108615398407,0.5528891682624817
105,0,0,0.5029374361038208,0.4970625340938568
106,1,1,0.4420534670352936,0.5579464435577393
107,1,1,0.46961233019828796,0.5303876399993896
108,0,1,0.46027880907058716,0.5397211313247681
109,0,1,0.4902302324771881,0.5097697973251343
110,1,1,0.4339446723461151,0.5660552978515625
111,0,1,0.4798634946346283,0.5201365351676941
112,1,1,0.430925577878952,0.5690743923187256
113,1,1,0.4370138347148895,0.5629861354827881
114,0,1,0.46480593085289,0.5351940989494324
115,0,1,0.47381430864334106,0.5261857509613037
116,1,1,0.4418427646160126,0.558157205581665
117,0,1,0.47815772891044617,0.5218422412872314
118,0,0,0.524427592754364,0.47557249665260315
119,0,1,0.44140300154685974,0.5585969686508179
120,0,1,0.45775216817855835,0.5422478318214417
121,0,0,0.5188970565795898,0.48110291361808777
122,0,0,0.5324082374572754,0.4675917327404022
123,0,1,0.4939039945602417,0.5060959458351135
124,1,1,0.44136229157447815,0.5586377382278442
125,0,1,0.4327490031719208,0.5672509670257568
126,0,0,0.5113385915756226,0.48866143822669983
127,0,1,0.4613700807094574,0.538629949092865
128,1,1,0.4323154389858246,0.5676845908164978
129,0,1,0.4371183216571808,0.5628817081451416
130,0,1,0.4443172514438629,0.5556826591491699
131,0,1,0.472506046295166,0.5274938941001892
132,0,1,0.4610036611557007,0.5389963984489441
133,1,1,0.43855592608451843,0.561444103717804
134,0,1,0.4607705771923065,0.5392293930053711
135,1,1,0.4425670802593231,0.5574329495429993
136,0,1,0.4755867123603821,0.5244132876396179
137,0,1,0.45980533957481384,0.5401946306228638
138,1,1,0.42920082807540894,0.5707991719245911
139,0,1,0.4969906806945801,0.5030093193054199
140,1,1,0.43039003014564514,0.5696099400520325
141,0,1,0.43285641074180603,0.5671436190605164
142,0,0,0.5062471628189087,0.4937528669834137
143,0,1,0.481957346200943,0.5180426836013794
144,1,1,0.43293115496635437,0.567068874835968
145,0,1,0.45682382583618164,0.5431762337684631
146,1,1,0.44038817286491394,0.5596117973327637
147,0,1,0.4625449478626251,0.5374550223350525
148,0,1,0.46418309211730957,0.5358169674873352
149,0,1,0.45053407549858093,0.5494659543037415
150,1,1,0.4356825351715088,0.564317524433136
151,0,1,0.43783217668533325,0.5621678829193115
152,1,1,0.4355781376361847,0.5644219517707825
153,1,1,0.4633471667766571,0.5366528034210205
154,0,0,0.5245243310928345,0.4754756689071655
155,0,0,0.5018665790557861,0.4981333613395691
156,0,1,0.47103428840637207,0.5289657115936279
157,1,1,0.43575504422187805,0.5642449259757996
158,0,0,0.500282347202301,0.49971768260002136
159,1,1,0.4361504316329956,0.5638495683670044
160,1,1,0.43239274621009827,0.5676072835922241
161,0,1,0.4482033848762512,0.5517966151237488
162,1,1,0.44021815061569214,0.5597817897796631
163,0,1,0.46696943044662476,0.53303062915802
164,0,1,0.4743049144744873,0.5256950259208679
165,1,1,0.4411747455596924,0.5588252544403076
166,1,1,0.4406338632106781,0.5593661069869995
167,0,1,0.44207456707954407,0.5579254627227783
168,0,1,0.4380083680152893,0.5619916319847107
169,0,1,0.4381106197834015,0.5618893504142761
170,0,1,0.4847886562347412,0.5152113437652588
171,0,1,0.4530239999294281,0.5469759702682495
172,1,1,0.4397311508655548,0.5602688193321228
173,0,1,0.4725464880466461,0.527453601360321
174,0,0,0.505784809589386,0.4942152500152588
175,0,1,0.4794032573699951,0.5205967426300049
176,0,1,0.48137667775154114,0.5186232924461365
177,0,1,0.49339109659194946,0.5066088438034058
178,0,0,0.505988597869873,0.4940113425254822
179,0,0,0.5234827399253845,0.47651728987693787
180,0,1,0.4770287573337555,0.5229712724685669
181,0,1,0.46842119097709656,0.5315788984298706
182,0,1,0.4793757200241089,0.5206242799758911
183,0,1,0.43854543566703796,0.5614545345306396
184,1,1,0.4457891285419464,0.5542107820510864
185,1,1,0.43429794907569885,0.5657020807266235
186,1,1,0.43895527720451355,0.5610447525978088
187,0,1,0.45281514525413513,0.5471848249435425
188,0,1,0.4809827208518982,0.5190172791481018
189,0,1,0.4864759147167206,0.5135239958763123
190,0,1,0.46224305033683777,0.5377569794654846
191,1,1,0.4405532479286194,0.5594467520713806
192,1,1,0.4361472427845001,0.5638527870178223
193,0,1,0.45051735639572144,0.5494826436042786
194,0,1,0.49264538288116455,0.5073546171188354
195,0,1,0.4341418147087097,0.5658581852912903
196,0,1,0.44675183296203613,0.5532481074333191
197,1,1,0.4450624883174896,0.5549375414848328
198,0,1,0.4957452714443207,0.5042547583580017
199,0,0,0.5460556745529175,0.45394429564476013
200,0,1,0.4331432580947876,0.5668567419052124
201,0,1,0.4439925253391266,0.5560075640678406
202,0,0,0.5026550889015198,0.4973449409008026
203,0,1,0.4727373719215393,0.5272626280784607
204,1,1,0.45732924342155457,0.5426707863807678
205,0,0,0.5189367532730103,0.48106327652931213
206,0,1,0.4688880443572998,0.5311119556427002
207,0,1,0.4716983139514923,0.5283016562461853
208,0,1,0.4442029595375061,0.5557971000671387
209,1,1,0.4337886869907379,0.5662112832069397
210,0,0,0.5234785079956055,0.4765215218067169
211,1,1,0.4342675507068634,0.565732479095459
212,0,1,0.44131532311439514,0.5586847066879272
213,0,1,0.45912858843803406,0.5408714413642883
214,0,1,0.44299542903900146,0.5570046305656433
215,0,1,0.4724927544593811,0.5275072455406189
216,1,1,0.43849116563796997,0.5615087747573853
217,0,0,0.5556474924087524,0.44435253739356995
218,0,1,0.49798262119293213,0.5020173788070679
219,1,1,0.4422774314880371,0.5577225685119629
220,0,1,0.44101446866989136,0.5589855909347534
221,0,1,0.47162869572639465,0.5283713340759277
222,1,1,0.437939316034317,0.5620607137680054
223,1,1,0.4440804123878479,0.5559195876121521
224,1,1,0.43988677859306335,0.5601131916046143
225,0,1,0.47092148661613464,0.5290785431861877
226,0,1,0.4513588547706604,0.5486411452293396
227,0,0,0.5181149840354919,0.48188498616218567
228,0,1,0.47310885787010193,0.5268911123275757
229,0,1,0.47583630681037903,0.5241637229919434
230,0,1,0.4607642889022827,0.5392356514930725
231,0,1,0.4874829053878784,0.5125170946121216
232,0,1,0.45469948649406433,0.5453005433082581
233,1,1,0.43433794379234314,0.5656620860099792
234,0,1,0.4443362355232239,0.5556637644767761
235,0,1,0.47060611844062805,0.5293938517570496
236,0,1,0.4362311363220215,0.5637688636779785
237,0,1,0.4512442648410797,0.5487557053565979
238,1,1,0.43251821398735046,0.5674817562103271
239,1,1,0.4362696707248688,0.5637303590774536
240,0,1,0.48659178614616394,0.5134081840515137
241,0,1,0.44106224179267883,0.5589377284049988
242,1,1,0.44834601879119873,0.5516539812088013
243,0,0,0.5198991894721985,0.48010075092315674
244,1,1,0.4356144070625305,0.5643856525421143
245,0,1,0.44152072072029114,0.5584791898727417
246,0,1,0.45862454175949097,0.5413755178451538
247,0,0,0.500110387802124,0.4998895525932312
248,1,1,0.4347820281982422,0.565217912197113
249,0,1,0.45239463448524475,0.5476053953170776
250,0,1,0.4503660500049591,0.5496339797973633
251,0,1,0.43906572461128235,0.56093430519104
252,0,1,0.4443904161453247,0.5556095242500305
253,1,1,0.4384293556213379,0.5615705847740173
254,0,0,0.5195031762123108,0.4804967939853668
255,1,1,0.4250609278678894,0.5749390721321106
256,0,1,0.48157575726509094,0.5184242129325867
257,0,1,0.4389346241950989,0.5610653162002563
258,0,1,0.4311071038246155,0.5688928961753845
259,0,1,0.4721635580062866,0.5278364419937134
260,0,0,0.5075741410255432,0.4924258589744568
261,0,1,0.4752398431301117,0.5247602462768555
262,0,1,0.4758641719818115,0.5241358280181885
263,0,1,0.4470422863960266,0.5529577136039734
264,0,0,0.5377138257026672,0.46228620409965515
265,0,1,0.455181360244751,0.544818639755249
266,0,1,0.4455889165401459,0.554410994052887
267,0,1,0.49301227927207947,0.5069876909255981
268,0,1,0.4570896327495575,0.5429103970527649
269,1,1,0.4399383068084717,0.5600616931915283
270,0,1,0.45186513662338257,0.5481348633766174
271,1,1,0.44038015604019165,0.5596198439598083
272,0,1,0.47096017003059387,0.529039740562439
273,0,0,0.5287503600120544,0.47124963998794556
274,0,1,0.48060089349746704,0.519399106502533
275,0,1,0.4608578383922577,0.5391421914100647
276,1,1,0.4677903652191162,0.5322096347808838
277,0,1,0.43421828746795654,0.5657817125320435
278,0,0,0.5119684338569641,0.48803162574768066
279,0,1,0.43565067648887634,0.564349353313446
280,0,1,0.4815497398376465,0.5184502601623535
281,0,1,0.4720395505428314,0.527960479259491
282,0,1,0.43571868538856506,0.5642813444137573
283,0,1,0.44231435656547546,0.5576856136322021
284,1,1,0.438075989484787,0.5619240403175354
285,0,1,0.4406653046607971,0.5593346953392029
286,0,1,0.4848228991031647,0.5151770710945129
287,0,1,0.4362259805202484,0.563774049282074
288,0,1,0.4650648236274719,0.5349352359771729
289,0,1,0.4388374984264374,0.5611624717712402
290,0,1,0.4657110869884491,0.5342888832092285
291,1,1,0.43752560019493103,0.5624743700027466
292,0,0,0.5286005139350891,0.4713994860649109
293,0,0,0.5061663389205933,0.49383360147476196
294,1,1,0.4415501654148102,0.5584498643875122
295,0,1,0.4298323392868042,0.5701676607131958
296,0,1,0.4706893265247345,0.5293106436729431
297,0,1,0.4531198740005493,0.5468801259994507
298,1,1,0.4295797348022461,0.5704202651977539
299,0,0,0.5154328346252441,0.48456713557243347
300,1,1,0.4343748092651367,0.5656252503395081
301,0,1,0.4394552409648895,0.5605447888374329
302,0,0,0.522765040397644,0.47723498940467834
303,1,1,0.4339519143104553,0.5660480856895447
304,1,1,0.44422271847724915,0.5557772517204285
305,1,1,0.4266209006309509,0.5733790397644043
306,0,1,0.4702549874782562,0.5297450423240662
307,0,1,0.44468891620635986,0.5553110837936401
308,0,1,0.4483986794948578,0.5516013503074646
309,0,1,0.4797060787677765,0.5202939510345459
310,1,1,0.43235674500465393,0.5676432251930237
311,0,1,0.49975907802581787,0.5002408623695374
312,0,1,0.4403323829174042,0.5596676468849182
313,0,1,0.4361688494682312,0.5638311505317688
314,0,1,0.46147340536117554,0.5385266542434692
315,1,1,0.4399942457675934,0.5600057244300842
316,1,1,0.4503229260444641,0.5496771335601807
317,0,1,0.4433325231075287,0.5566675662994385
318,1,1,0.4314343333244324,0.5685656666755676
319,0,1,0.48356330394744873,0.516436755657196
320,0,1,0.437011182308197,0.562988817691803
321,0,1,0.4366241693496704,0.5633758902549744
322,0,1,0.4691988527774811,0.5308011174201965
323,0,0,0.5109822154045105,0.4890178143978119
324,0,1,0.4612973630428314,0.538702666759491
325,0,0,0.501517117023468,0.49848291277885437
326,0,1,0.43813830614089966,0.5618617534637451
327,1,1,0.4352392852306366,0.5647606253623962
328,0,1,0.46266454458236694,0.5373354554176331
329,1,1,0.43266716599464417,0.567332923412323
330,0,1,0.4378037452697754,0.5621961951255798
331,0,1,0.43983539938926697,0.5601645708084106
332,1,1,0.4441363513469696,0.555863618850708
333,0,1,0.46200865507125854,0.5379913449287415
334,0,0,0.5192793607711792,0.4807206690311432
335,0,1,0.4588274657726288,0.5411725044250488
336,1,1,0.4370425045490265,0.5629575252532959
337,0,1,0.48285385966300964,0.5171461701393127
338,1,1,0.42957133054733276,0.5704286098480225
339,0,0,0.5256165266036987,0.47438347339630127
340,0,1,0.45014095306396484,0.5498590469360352
341,0,1,0.43896421790122986,0.5610357522964478
342,0,1,0.456513375043869,0.5434865951538086
343,1,1,0.4485724866390228,0.5514274835586548
344,0,1,0.47529348731040955,0.5247065424919128
345,0,0,0.5005714893341064,0.49942851066589355
346,0,1,0.43685588240623474,0.5631441473960876
347,0,1,0.47119978070259094,0.5288002490997314
348,0,1,0.4828740358352661,0.5171259641647339
349,0,1,0.47692766785621643,0.5230723023414612
350,0,1,0.47936955094337463,0.520630419254303
351,0,1,0.4862365126609802,0.5137634873390198
352,0,1,0.4866751432418823,0.5133249163627625
353,0,1,0.4643712639808655,0.5356287956237793
354,0,1,0.48952534794807434,0.5104746222496033
355,1,1,0.46624821424484253,0.5337517857551575
356,0,1,0.4389297664165497,0.5610702037811279
357,1,1,0.42807772755622864,0.571922242641449
358,1,1,0.44309619069099426,0.5569038391113281
359,0,1,0.4754785895347595,0.5245213508605957
360,0,1,0.45681241154670715,0.5431876182556152
361,0,1,0.4386047422885895,0.5613952279090881
362,0,1,0.46837118268013,0.5316288471221924
363,0,1,0.4714830815792084,0.528516948223114
364,1,1,0.4354829490184784,0.5645170211791992
365,0,1,0.48996180295944214,0.5100382566452026
366,1,1,0.4335689842700958,0.5664310455322266
367,1,1,0.4394862949848175,0.5605136752128601
368,1,1,0.44199880957603455,0.5580011606216431
369,0,1,0.47861766815185547,0.5213823318481445
370,0,1,0.4703696668148041,0.5296303033828735
371,0,1,0.47655731439590454,0.5234426259994507
372,0,1,0.4987378418445587,0.5012621879577637
373,0,1,0.4519058167934418,0.5480941534042358
374,1,1,0.43777996301651,0.56222003698349
375,1,1,0.44762569665908813,0.5523743629455566
376,0,1,0.4697403013706207,0.5302597284317017
377,0,1,0.45424628257751465,0.5457537174224854
378,0,1,0.4827018976211548,0.51729816198349
379,0,1,0.45151153206825256,0.5484884977340698
380,0,1,0.46881964802742004,0.5311803817749023
381,0,1,0.44160473346710205,0.558395266532898
382,1,1,0.4402303397655487,0.5597696304321289
383,0,1,0.4581487476825714,0.541851282119751
384,1,1,0.4379842281341553,0.5620158314704895
385,0,1,0.4893684387207031,0.5106315612792969
386,0,1,0.4473690092563629,0.5526310205459595
387,1,1,0.43341881036758423,0.5665812492370605
388,0,1,0.43232810497283936,0.5676718950271606
389,0,1,0.46039488911628723,0.5396051406860352
390,0,1,0.4962038993835449,0.5037960410118103
391,0,1,0.48405706882476807,0.5159428715705872
392,0,1,0.4380561113357544,0.5619438886642456
393,0,1,0.46781426668167114,0.5321856737136841
394,1,1,0.4621712267398834,0.537828803062439
395,0,1,0.48936140537261963,0.5106386542320251
396,0,1,0.4659768044948578,0.5340231657028198
397,0,1,0.4376250207424164,0.562375009059906
398,0,1,0.438569575548172,0.5614305138587952
399,0,1,0.45494452118873596,0.5450554490089417
400,1,1,0.4647485613822937,0.5352514386177063
401,1,1,0.43888184428215027,0.5611181855201721
402,0,0,0.52072674036026,0.4792732894420624
403,0,0,0.5204067230224609,0.47959327697753906
404,1,1,0.43582674860954285,0.5641732811927795
405,1,1,0.4260249435901642,0.5739750266075134
406,0,0,0.5141275525093079,0.4858724772930145
407,0,1,0.48227784037590027,0.5177221298217773
408,0,1,0.47079598903656006,0.5292040109634399
409,1,1,0.4376063048839569,0.5623936653137207
410,0,1,0.45249998569488525,0.54749995470047
411,0,1,0.47395798563957214,0.5260420441627502
412,0,0,0.5679337382316589,0.43206626176834106
413,0,1,0.4372677803039551,0.5627321600914001
414,1,1,0.4427643120288849,0.5572357773780823
415,0,1,0.46987462043762207,0.5301254391670227
416,0,1,0.44022026658058167,0.5597797632217407
417,1,1,0.4439699947834015,0.5560300350189209
418,0,1,0.43603792786598206,0.5639620423316956
419,0,1,0.4476512670516968,0.5523487329483032
420,0,1,0.45522478222846985,0.5447752475738525
421,0,1,0.44474783539772034,0.5552521347999573
422,0,1,0.47634658217430115,0.5236533880233765
423,0,1,0.4505364000797272,0.5494635701179504
424,0,1,0.4571942985057831,0.5428057312965393
425,0,1,0.47136449813842773,0.5286355018615723
426,0,0,0.5147439241409302,0.4852561056613922
427,0,1,0.458406925201416,0.5415931344032288
428,0,1,0.43681222200393677,0.5631877183914185
429,1,1,0.4280455708503723,0.5719544291496277
430,0,1,0.4435667395591736,0.5564332604408264
431,0,0,0.517118513584137,0.48288145661354065
432,0,0,0.5215787887573242,0.4784211814403534
433,1,1,0.43664833903312683,0.5633517503738403
434,1,1,0.42648613452911377,0.5735138654708862
435,1,1,0.4226997494697571,0.5773002505302429
436,0,1,0.4556603729724884,0.544339656829834
437,0,1,0.44791850447654724,0.5520815253257751
438,0,1,0.4780436158180237,0.5219563841819763
439,0,1,0.45867446064949036,0.5413254499435425
440,0,1,0.4480080008506775,0.5519919991493225
441,0,1,0.44085830450057983,0.5591416954994202
442,0,1,0.4994986057281494,0.5005013942718506
443,0,1,0.4507797062397003,0.5492203235626221
444,0,1,0.45112892985343933,0.5488710403442383
445,0,1,0.44727376103401184,0.552726149559021
446,0,1,0.4548884928226471,0.5451115369796753
447,1,1,0.4930000305175781,0.5069999098777771
448,1,1,0.4303937256336212,0.5696062445640564
449,0,1,0.45403853058815,0.5459614992141724
450,0,0,0.5157533288002014,0.4842466413974762
451,1,1,0.438320517539978,0.561679482460022
452,1,1,0.4285673201084137,0.5714326500892639
453,0,1,0.4980117678642273,0.5019882917404175
454,0,1,0.4809587001800537,0.5190412998199463
455,1,1,0.4301042854785919,0.5698957443237305
456,0,1,0.46307575702667236,0.5369242429733276
457,0,1,0.45746901631355286,0.5425309538841248
458,0,1,0.4402329921722412,0.5597670078277588
459,1,1,0.43882259726524353,0.5611774325370789
460,0,1,0.4586930572986603,0.5413069725036621
461,0,1,0.4275429844856262,0.5724570155143738
462,0,1,0.4322749078273773,0.5677250623703003
463,0,1,0.43689069151878357,0.5631093382835388
464,0,1,0.42498692870140076,0.5750130414962769
465,0,1,0.43861955404281616,0.5613804459571838
466,1,1,0.43673175573349,0.5632683038711548
467,1,1,0.44363096356391907,0.5563690662384033
468,1,1,0.44342079758644104,0.5565792918205261
469,0,1,0.47317180037498474,0.5268281698226929
470,0,1,0.4446040093898773,0.5553959608078003
471,0,1,0.44630107283592224,0.5536989569664001
472,1,1,0.4124373495578766,0.5875626802444458
473,0,1,0.48630544543266296,0.5136945247650146
474,0,1,0.44084206223487854,0.5591579079627991
475,0,1,0.4380491077899933,0.5619509220123291
476,0,1,0.4711577892303467,0.5288422703742981
477,0,1,0.43461447954177856,0.5653855204582214
478,1,1,0.4379062056541443,0.5620937943458557
479,0,1,0.4603145718574524,0.5396853685379028
480,0,0,0.5213930010795593,0.4786069989204407
481,0,1,0.4877713620662689,0.5122286081314087
482,0,1,0.4955778121948242,0.504422128200531
483,0,1,0.4573717713356018,0.5426282286643982
484,0,1,0.4893766939640045,0.5106233358383179
485,1,1,0.43680697679519653,0.5631930232048035
486,0,1,0.46821680665016174,0.5317832231521606
487,0,1,0.46248722076416016,0.5375128388404846
488,1,1,0.4373185932636261,0.5626814365386963
489,1,1,0.4413735270500183,0.5586264729499817
490,0,1,0.4475296437740326,0.552470326423645
491,1,1,0.4353863000869751,0.5646136999130249
492,0,1,0.4424353837966919,0.5575646162033081
493,0,1,0.47328323125839233,0.5267167687416077
494,1,1,0.4425029754638672,0.557496964931488
495,0,0,0.5224575996398926,0.4775424003601074
496,1,1,0.4292367994785309,0.5707632303237915
497,0,1,0.4357660412788391,0.5642339587211609
498,0,1,0.4588544964790344,0.5411455035209656
499,0,0,0.5104069113731384,0.48959311842918396
500,0,1,0.43878623843193054,0.5612137317657471
501,0,1,0.4846254885196686,0.5153745412826538
502,1,1,0.4602331221103668,0.5397668480873108
503,0,1,0.48167622089385986,0.5183237195014954
504,1,1,0.4394228756427765,0.5605770945549011
505,1,1,0.43834352493286133,0.5616564154624939
506,1,1,0.4315296411514282,0.5684703588485718
507,1,1,0.4318525493144989,0.5681474804878235
508,0,1,0.49161627888679504,0.5083837509155273
509,1,1,0.44219693541526794,0.5578030347824097
510,0,1,0.44335535168647766,0.5566446185112
511,0,1,0.44763725996017456,0.5523627996444702
512,0,1,0.44785892963409424,0.5521410703659058
513,0,1,0.43884822726249695,0.5611518025398254
514,0,1,0.4851720631122589,0.5148279070854187
515,0,1,0.4716299772262573,0.5283700227737427
516,1,1,0.4323367774486542,0.5676631927490234
517,0,1,0.46656715869903564,0.5334328413009644
518,0,1,0.4961467683315277,0.5038532018661499
519,0,1,0.43014001846313477,0.5698599219322205
520,0,1,0.47524741291999817,0.5247525572776794
521,0,0,0.5212994813919067,0.47870057821273804
522,0,1,0.4808935821056366,0.519106388092041
523,0,1,0.45636117458343506,0.5436388850212097
524,0,1,0.45151975750923157,0.548480212688446
525,1,1,0.49649113416671753,0.5035088062286377
526,0,1,0.4443642199039459,0.5556358098983765
527,1,1,0.4394872188568115,0.5605128407478333
528,0,1,0.4679931402206421,0.5320068597793579
529,0,1,0.45721012353897095,0.542789876461029
530,0,0,0.5047937035560608,0.4952062964439392
531,0,0,0.5187382698059082,0.4812617003917694
532,0,1,0.4600447416305542,0.5399552583694458
533,0,1,0.44020119309425354,0.5597988367080688
534,0,1,0.4358859956264496,0.564113974571228
535,0,1,0.49583700299263,0.5041629672050476
536,0,1,0.45543429255485535,0.544565737247467
537,1,1,0.45151737332344055,0.5484825968742371
538,1,1,0.4368273615837097,0.5631726980209351
539,0,0,0.5154353976249695,0.4845646023750305
540,0,1,0.44459086656570435,0.5554090738296509
541,1,1,0.4417007565498352,0.5582993030548096
542,0,1,0.4299115836620331,0.5700885057449341
543,0,1,0.49423882365226746,0.5057611465454102
544,0,1,0.4398859441280365,0.5601140260696411
545,0,0,0.5216747522354126,0.4783253073692322
546,1,1,0.4406791031360626,0.559320867061615
547,0,1,0.44183892011642456,0.5581610798835754
548,0,1,0.44031840562820435,0.5596815347671509
549,0,1,0.4532254636287689,0.5467745065689087
550,0,1,0.46823060512542725,0.531769335269928
551,0,1,0.4319291114807129,0.5680708885192871
552,0,1,0.47651082277297974,0.5234891772270203
553,0,0,0.5067155361175537,0.4932844638824463
554,1,1,0.4401501715183258,0.5598498582839966
555,0,1,0.48054543137550354,0.5194545388221741
556,0,0,0.503758430480957,0.4962415099143982
557,1,1,0.4290259778499603,0.5709740519523621
558,1,1,0.445834219455719,0.5541658401489258
559,1,1,0.4794561266899109,0.5205438733100891
560,1,1,0.4346838891506195,0.5653162002563477
561,0,1,0.4505387544631958,0.549461305141449
562,1,1,0.4438478648662567,0.5561521649360657
563,0,1,0.4885443150997162,0.5114556550979614
564,0,1,0.4798583388328552,0.5201416015625
565,1,1,0.43951278924942017,0.5604872107505798
566,0,1,0.4644652009010315,0.5355348587036133
567,0,1,0.4472157955169678,0.5527842044830322
568,0,1,0.4756193161010742,0.5243806838989258
569,0,0,0.5203977823257446,0.47960224747657776
570,1,1,0.43918678164482117,0.560813307762146
571,1,1,0.4382625222206116,0.5617374777793884
572,0,1,0.4593527615070343,0.5406472682952881
573,0,1,0.49452540278434753,0.5054745674133301
574,0,1,0.4436126947402954,0.5563873052597046
575,0,1,0.4488985240459442,0.5511014461517334
576,0,0,0.5027445554733276,0.49725547432899475
577,0,1,0.4363129734992981,0.5636870265007019
578,0,1,0.4429194927215576,0.5570805072784424
579,1,1,0.4208027124404907,0.579197347164154
580,0,1,0.44876858592033386,0.5512314438819885
581,0,1,0.4902777671813965,0.5097222328186035
582,1,1,0.4312262237071991,0.5687736868858337
583,1,1,0.4470093250274658,0.5529906153678894
584,1,1,0.4359658360481262,0.5640341639518738
585,1,1,0.4408538043498993,0.5591461658477783
586,1,1,0.473361611366272,0.5266383290290833
587,0,1,0.4600846469402313,0.5399153232574463
588,0,1,0.4672488272190094,0.5327511429786682
589,1,1,0.4450037479400635,0.5549963116645813
590,0,1,0.44550395011901855,0.5544960498809814
591,1,1,0.4463585317134857,0.5536414980888367
592,0,1,0.46707215905189514,0.5329278707504272
593,0,1,0.4666043221950531,0.5333957076072693
594,0,1,0.4414495825767517,0.5585504174232483
595,0,1,0.4723760783672333,0.5276238918304443
596,1,1,0.4384070932865143,0.5615928769111633
597,0,1,0.4325351119041443,0.5674648284912109
598,0,1,0.43055999279022217,0.5694400668144226
599,0,1,0.48253652453422546,0.5174634456634521
600,1,1,0.4442844092845917,0.5557156205177307
601,1,1,0.4363105595111847,0.5636894106864929
602,1,1,0.44359245896339417,0.556407630443573
603,1,1,0.4442381262779236,0.5557618737220764
604,0,1,0.49945658445358276,0.5005433559417725
605,1,1,0.4426325559616089,0.5573673844337463
606,1,1,0.43753406405448914,0.5624659657478333
607,0,1,0.4495982825756073,0.5504016876220703
608,0,1,0.4665882885456085,0.5334117412567139
609,0,1,0.4657596945762634,0.5342403054237366
610,1,1,0.4290313124656677,0.5709686875343323
611,0,1,0.43871644139289856,0.5612835884094238
612,1,1,0.43478307127952576,0.5652169585227966
613,0,1,0.43867796659469604,0.561322033405304
614,0,1,0.46886464953422546,0.5311353802680969
615,0,0,0.5201703310012817,0.47982966899871826
616,0,1,0.4386877417564392,0.561312198638916
617,0,0,0.5234467387199402,0.4765532314777374
618,0,1,0.426550954580307,0.5734490752220154
619,0,1,0.43072065711021423,0.5692793726921082
620,0,1,0.45575135946273804,0.544248640537262
621,0,1,0.4490521252155304,0.550947904586792
622,0,1,0.47027865052223206,0.5297213792800903
623,0,1,0.44969144463539124,0.5503085851669312
624,1,1,0.43610018491744995,0.56389981508255
625,0,1,0.48830580711364746,0.5116942524909973
626,0,1,0.4423353970050812,0.5576645731925964
627,0,1,0.47078901529312134,0.5292110443115234
628,0,1,0.45599988102912903,0.5440000891685486
629,0,1,0.444172739982605,0.5558273196220398
630,0,1,0.464748740196228,0.5352512001991272
631,1,1,0.44289442896842957,0.557105541229248
632,1,1,0.4311595559120178,0.5688404440879822
633,0,1,0.48277419805526733,0.5172257423400879
634,0,1,0.4364567697048187,0.5635432004928589
635,0,1,0.44815799593925476,0.5518420338630676
636,0,1,0.42660054564476013,0.5733994245529175
637,1,1,0.436627596616745,0.5633724331855774
638,1,1,0.4375106394290924,0.5624893307685852
639,0,1,0.48180222511291504,0.518197774887085
640,0,1,0.4455743730068207,0.5544256567955017
641,0,0,0.523076057434082,0.47692397236824036
642,0,1,0.44067123532295227,0.5593287348747253
643,1,1,0.4341907799243927,0.5658091902732849
644,0,1,0.4879167377948761,0.5120832920074463
645,0,0,0.53180992603302,0.4681900143623352
646,0,1,0.4362388551235199,0.5637611746788025
647,0,1,0.472982794046402,0.5270171761512756
648,0,1,0.4834846556186676,0.5165153741836548
649,0,1,0.43438005447387695,0.565619945526123
650,1,1,0.4320661723613739,0.5679337978363037
651,0,1,0.4680274426937103,0.5319725871086121
652,0,1,0.49696096777915955,0.5030390620231628
653,0,1,0.47703948616981506,0.5229604840278625
654,1,1,0.44924044609069824,0.5507595539093018
655,0,1,0.44390714168548584,0.5560928583145142
656,1,1,0.4272218644618988,0.5727781653404236
657,1,1,0.42592519521713257,0.5740748643875122
658,0,1,0.49329864978790283,0.5067013502120972
659,0,1,0.475624144077301,0.524375855922699
660,0,1,0.45096349716186523,0.54903644323349
661,0,0,0.5217788815498352,0.4782210886478424
662,0,1,0.44036391377449036,0.5596360564231873
663,0,0,0.5197683572769165,0.4802316129207611
664,0,1,0.48668769001960754,0.5133122801780701
665,0,0,0.5187702775001526,0.481229692697525
666,0,1,0.47454264760017395,0.5254573822021484
667,0,1,0.4761463403701782,0.5238536596298218
668,0,1,0.4769032597541809,0.5230967998504639
669,1,1,0.44021838903427124,0.5597816109657288
670,0,1,0.4386874735355377,0.5613124966621399
671,0,1,0.46411556005477905,0.535884439945221
672,0,1,0.4475983679294586,0.5524016618728638
673,0,1,0.4959983229637146,0.5040016770362854
674,0,0,0.5239927768707275,0.4760071933269501
675,0,1,0.47401678562164307,0.5259832143783569
676,0,1,0.48673316836357117,0.5132668018341064
677,0,1,0.4518318772315979,0.5481681823730469
678,0,1,0.44848695397377014,0.5515130758285522
679,0,1,0.4568450152873993,0.5431550145149231
680,1,1,0.4395659267902374,0.5604340434074402
681,1,1,0.43056991696357727,0.5694300532341003
682,1,1,0.43577009439468384,0.5642299056053162
683,0,1,0.42917466163635254,0.5708253383636475
684,0,1,0.4697454273700714,0.5302545428276062
685,0,1,0.481736958026886,0.518263041973114
686,0,1,0.46344688534736633,0.5365530848503113
687,0,1,0.49002429842948914,0.5099756717681885
688,0,1,0.47126153111457825,0.5287384390830994
689,0,1,0.44147592782974243,0.5585240721702576
690,0,1,0.4370761215686798,0.5629239082336426
691,0,1,0.42846882343292236,0.5715311765670776
692,0,0,0.5180982351303101,0.4819018244743347
693,0,1,0.47895142436027527,0.5210486054420471
694,0,1,0.4641178846359253,0.5358820557594299
695,0,1,0.4895283579826355,0.5104716420173645
696,0,1,0.47296667098999023,0.5270333290100098
697,0,0,0.5147189497947693,0.4852811396121979
698,0,1,0.4417684078216553,0.5582316517829895
699,0,1,0.4672413170337677,0.5327587127685547
700,0,1,0.4755436182022095,0.5244563221931458
701,0,1,0.4659620225429535,0.5340380072593689
702,0,1,0.4890163838863373,0.5109836459159851
703,1,1,0.4441283643245697,0.5558716654777527
704,0,0,0.5196194648742676,0.4803805351257324
705,1,1,0.43265262246131897,0.5673474073410034
706,0,0,0.521665632724762,0.47833436727523804
707,1,1,0.42962080240249634,0.5703791379928589
708,1,1,0.42530056834220886,0.5746994614601135
709,0,1,0.4711899161338806,0.5288100242614746
710,1,1,0.44208094477653503,0.5579190254211426
711,0,1,0.47785985469818115,0.5221402049064636
712,0,1,0.44515490531921387,0.5548450350761414
713,0,1,0.4708404839038849,0.5291594862937927
714,0,1,0.43487268686294556,0.5651273131370544
715,1,1,0.433807373046875,0.566192626953125
716,1,1,0.43941575288772583,0.5605842471122742
717,1,1,0.44248154759407043,0.557518482208252
718,1,1,0.43735936284065247,0.5626406073570251
719,0,1,0.4901530146598816,0.5098469853401184
720,0,1,0.4579859673976898,0.5420140027999878
721,0,0,0.5213504433631897,0.4786495864391327
722,0,1,0.4441867172718048,0.5558132529258728
723,0,1,0.4932138919830322,0.5067861676216125
724,0,1,0.44218891859054565,0.5578110814094543
725,1,1,0.43801969289779663,0.5619803071022034
726,1,1,0.43787387013435364,0.562126100063324
727,0,1,0.44977012276649475,0.5502298474311829
728,0,1,0.4615586996078491,0.5384413003921509
729,0,1,0.463440477848053,0.5365595817565918
730,1,1,0.44228896498680115,0.5577110648155212
731,1,1,0.43480825424194336,0.5651918053627014
732,0,1,0.45527544617652893,0.5447245240211487
733,1,1,0.43049156665802,0.5695084929466248
734,0,1,0.45981431007385254,0.5401857495307922
735,0,1,0.4298996329307556,0.5701003670692444
736,0,1,0.4524991810321808,0.5475007891654968
737,0,1,0.4354340136051178,0.5645660758018494
738,0,1,0.4624800384044647,0.5375199913978577
739,1,1,0.42291051149368286,0.5770894885063171
740,0,1,0.48995843529701233,0.5100415349006653
741,0,1,0.44261062145233154,0.5573893189430237
742,0,1,0.49189576506614685,0.5081042051315308
743,0,1,0.4416602849960327,0.5583397746086121
744,0,1,0.436763733625412,0.5632362961769104
745,0,0,0.5201461911201477,0.4798538386821747
746,0,1,0.4644792377948761,0.5355207324028015
747,0,1,0.48427915573120117,0.5157209038734436
748,0,1,0.45345252752304077,0.546547532081604
749,0,1,0.4891511797904968,0.5108487606048584
750,0,1,0.46711742877960205,0.5328825116157532
751,1,1,0.42758405208587646,0.5724159479141235
752,0,1,0.47915735840797424,0.5208426713943481
753,0,1,0.43672651052474976,0.5632734894752502
754,0,1,0.4793888330459595,0.5206111073493958
755,0,1,0.47357961535453796,0.5264203548431396
756,0,1,0.4387945532798767,0.5612054467201233
757,0,1,0.44534796476364136,0.5546520948410034
758,0,0,0.5314273834228516,0.46857258677482605
759,0,1,0.4854028820991516,0.5145971179008484
760,1,1,0.4384121596813202,0.5615878701210022
761,0,0,0.5225860476493835,0.47741398215293884
762,1,1,0.45620593428611755,0.5437940359115601
763,1,1,0.4378926753997803,0.5621073842048645
764,1,1,0.4389656186103821,0.5610343217849731
765,0,1,0.4347496032714844,0.5652503371238708
766,1,1,0.43556147813796997,0.56443852186203
767,1,1,0.4498898983001709,0.5501101016998291
768,1,1,0.4380936920642853,0.5619063377380371
769,0,1,0.4599089026451111,0.5400910973548889
770,0,1,0.48234453797340393,0.5176554918289185
771,0,0,0.5040537714958191,0.4959461987018585
772,1,1,0.4302753210067749,0.5697246789932251
773,0,1,0.43421119451522827,0.5657888054847717
774,0,1,0.4325876533985138,0.5674123167991638
775,1,1,0.4528968632221222,0.5471031069755554
776,0,1,0.46016570925712585,0.5398342609405518
777,0,1,0.46613457798957825,0.5338653922080994
778,0,1,0.43068748712539673,0.569312572479248
779,0,1,0.44900426268577576,0.5509957075119019
780,0,1,0.43964219093322754,0.5603577494621277
781,0,1,0.4392107427120209,0.5607892274856567
782,0,1,0.46309158205986023,0.5369083881378174
783,1,1,0.4399486780166626,0.5600513219833374
784,0,1,0.4402683675289154,0.559731662273407
785,0,1,0.43116119503974915,0.5688388347625732
786,0,1,0.48351651430130005,0.5164834260940552
787,0,1,0.4428994953632355,0.5571005344390869
788,1,1,0.4770369231700897,0.5229631662368774
789,1,1,0.43721145391464233,0.5627884864807129
790,0,1,0.4634400010108948,0.53656005859375
791,0,1,0.48069798946380615,0.5193020701408386
792,0,1,0.4375463128089905,0.5624537467956543
793,0,1,0.43666326999664307,0.5633367300033569
794,1,1,0.4415368437767029,0.5584632158279419
795,0,1,0.47453925013542175,0.5254607796669006
796,0,1,0.43692418932914734,0.563075840473175
797,0,1,0.4856244921684265,0.5143754482269287
798,0,1,0.4864487946033478,0.5135512351989746
799,0,1,0.48817023634910583,0.5118297934532166
800,1,1,0.42914047837257385,0.5708595514297485
801,0,1,0.4567931890487671,0.5432068109512329
802,0,1,0.44614893198013306,0.5538511276245117
803,1,1,0.43569764494895935,0.5643023252487183
804,0,1,0.4446854889392853,0.5553144812583923
805,0,1,0.4818435609340668,0.5181564688682556
806,0,0,0.5007073879241943,0.49929264187812805
807,0,0,0.5349900722503662,0.4650099277496338
808,1,1,0.4417824149131775,0.5582175850868225
809,1,1,0.4300478994846344,0.5699520707130432
810,0,1,0.4370678663253784,0.5629321336746216
811,0,1,0.4588886499404907,0.5411112904548645
812,1,1,0.433367520570755,0.5666324496269226
813,0,1,0.4438058137893677,0.5561942458152771
814,1,1,0.4411502480506897,0.5588498115539551
815,0,1,0.4384908378124237,0.5615091919898987
816,0,1,0.4713440537452698,0.5286559462547302
817,1,1,0.43935105204582214,0.5606489777565002
818,0,1,0.4657104015350342,0.534289538860321
819,0,1,0.47280412912368774,0.5271958708763123
820,1,1,0.44272956252098083,0.5572704672813416
821,1,1,0.43565866351127625,0.5643412470817566
822,0,1,0.46692967414855957,0.5330703258514404
823,1,1,0.444477915763855,0.5555220246315002
824,0,1,0.44339126348495483,0.5566087365150452
825,0,1,0.45357462763786316,0.5464254021644592
826,1,1,0.4403941035270691,0.5596058368682861
827,0,1,0.4727766215801239,0.5272232890129089
828,0,1,0.42555785179138184,0.5744421482086182
829,0,0,0.5122538208961487,0.48774614930152893
830,0,1,0.4374620020389557,0.5625379681587219
831,0,0,0.5191774964332581,0.48082247376441956
832,0,1,0.48506608605384827,0.5149339437484741
833,0,1,0.47195062041282654,0.5280494093894958
834,1,1,0.42916345596313477,0.5708364844322205
835,0,1,0.4410759508609772,0.5589240193367004
836,0,1,0.4900287687778473,0.5099712610244751
837,0,1,0.4380599856376648,0.5619400143623352
838,0,1,0.4428425431251526,0.5571574568748474
839,0,1,0.46369993686676025,0.5363000631332397
840,0,1,0.4317038655281067,0.5682960748672485
841,0,1,0.43640485405921936,0.563595175743103
842,0,1,0.46807610988616943,0.5319238901138306
843,0,1,0.4802286922931671,0.5197713375091553
844,0,1,0.44106414914131165,0.558935821056366
845,0,1,0.4411012530326843,0.5588988065719604
846,0,1,0.4826762080192566,0.5173237919807434
847,0,1,0.48321470618247986,0.5167852640151978
848,1,1,0.43054789304733276,0.5694521069526672
849,0,1,0.4729817807674408,0.5270183086395264
850,0,1,0.45158931612968445,0.5484107136726379
851,1,1,0.43515416979789734,0.564845860004425
852,0,1,0.48709824681282043,0.5129017233848572
853,0,1,0.4986327886581421,0.5013672709465027
854,0,1,0.4360690414905548,0.5639309883117676
855,1,1,0.43503978848457336,0.5649601817131042
856,0,1,0.47290298342704773,0.5270970463752747
857,0,0,0.5220337510108948,0.4779662489891052
858,1,1,0.4431231915950775,0.5568768382072449
859,0,1,0.4617446959018707,0.5382553339004517
860,1,1,0.4456666111946106,0.5543333888053894
861,1,1,0.42987704277038574,0.5701228976249695
862,1,1,0.43118876218795776,0.5688112378120422
863,1,1,0.43326833844184875,0.5667316913604736
864,0,1,0.48934006690979004,0.5106598734855652
865,0,1,0.4399113655090332,0.5600886344909668
866,1,1,0.436729371547699,0.563270628452301
867,1,1,0.43002334237098694,0.5699766278266907
868,0,1,0.43900734186172485,0.5609926581382751
869,0,1,0.4607786238193512,0.5392213463783264
870,0,1,0.4683544933795929,0.5316455364227295
871,1,1,0.43963971734046936,0.5603602528572083
872,0,1,0.44096553325653076,0.5590344667434692
873,1,1,0.4343346059322357,0.5656654238700867
874,0,1,0.4378914535045624,0.5621084570884705
875,0,1,0.4548751711845398,0.5451248288154602
876,0,1,0.43857353925704956,0.5614264011383057
877,0,1,0.4355068504810333,0.5644931197166443
878,0,1,0.43899980187416077,0.5610002279281616
879,0,1,0.4356086552143097,0.5643913745880127
880,1,1,0.44048383831977844,0.5595161318778992
881,0,1,0.43962356448173523,0.5603764057159424
882,0,1,0.4578815996646881,0.5421183109283447
883,0,0,0.5159280300140381,0.4840719699859619
884,1,1,0.4380027651786804,0.5619972348213196
885,0,1,0.4476648271083832,0.552335262298584
886,0,1,0.4477022886276245,0.5522977709770203
887,0,1,0.4600253403186798,0.5399746894836426
888,0,0,0.5072489976882935,0.49275097250938416
889,0,1,0.48001033067703247,0.5199896097183228
890,1,1,0.44454100728034973,0.5554589629173279
891,0,1,0.44482579827308655,0.5551742315292358
892,0,1,0.4612691402435303,0.5387308597564697
893,0,1,0.45807233452796936,0.541927695274353
894,0,1,0.4666996896266937,0.5333002805709839
895,0,1,0.47408971190452576,0.5259102582931519
896,1,1,0.43303993344306946,0.5669600963592529
897,1,1,0.43460169434547424,0.5653982758522034
898,0,1,0.4456034004688263,0.5543965697288513
899,0,1,0.45194581151008606,0.5480542182922363
900,0,1,0.4644068479537964,0.5355931520462036
901,0,1,0.4772862493991852,0.5227137804031372
902,0,1,0.43465229868888855,0.5653476715087891
903,0,1,0.46220463514328003,0.53779536485672
904,0,0,0.5175930261611938,0.4824070334434509
905,0,1,0.4809311628341675,0.5190688371658325
906,0,1,0.4753683805465698,0.5246316194534302
907,0,1,0.4452660381793976,0.55473393201828
908,1,1,0.42637473344802856,0.5736253261566162
909,0,1,0.4585336148738861,0.5414664149284363
910,0,1,0.46785321831703186,0.5321467518806458
911,0,1,0.44987913966178894,0.5501208305358887
912,0,1,0.45570817589759827,0.5442917943000793
913,0,1,0.43496453762054443,0.5650354623794556
914,0,1,0.439700722694397,0.560299277305603
915,0,1,0.4643254578113556,0.535674512386322
916,0,1,0.43696168065071106,0.5630383491516113
917,1,1,0.44506749510765076,0.5549324750900269
918,1,1,0.44285568594932556,0.557144284248352
919,0,1,0.47541293501853943,0.5245870351791382
920,0,0,0.5222950577735901,0.47770488262176514
921,1,1,0.43361756205558777,0.5663824081420898
922,1,1,0.4391446113586426,0.5608554482460022
923,0,1,0.4346921443939209,0.5653078556060791
924,0,1,0.44018977880477905,0.559810221195221
925,0,1,0.4742955267429352,0.5257044434547424
926,0,1,0.4875757098197937,0.5124243497848511
927,0,1,0.4525095522403717,0.5474904179573059
928,0,1,0.483442097902298,0.5165578126907349
929,1,1,0.441214919090271,0.5587850213050842
930,0,1,0.43214327096939087,0.5678566694259644
931,0,1,0.44766736030578613,0.5523326396942139
932,0,0,0.5207629799842834,0.47923704981803894
933,0,1,0.4650348424911499,0.5349651575088501
934,0,1,0.4473188519477844,0.5526811480522156
935,1,1,0.43837273120880127,0.5616273283958435
936,1,1,0.4355911612510681,0.5644088387489319
937,1,1,0.42892423272132874,0.5710757970809937
938,0,1,0.4731728732585907,0.5268271565437317
939,0,1,0.478336900472641,0.5216630697250366
940,1,1,0.43598535656929016,0.5640146732330322
941,0,1,0.4259411096572876,0.5740588903427124
942,0,1,0.46916407346725464,0.5308359861373901
943,1,1,0.46672433614730835,0.5332757234573364
944,0,1,0.4378185570240021,0.5621814131736755
945,0,1,0.439627468585968,0.5603724718093872
946,0,1,0.45556873083114624,0.5444312691688538
947,0,1,0.44470810890197754,0.5552918910980225
948,1,1,0.4390867352485657,0.5609132647514343
949,0,0,0.5188382267951965,0.4811616837978363
950,0,1,0.4979808032512665,0.5020191669464111
951,0,1,0.44472867250442505,0.555271327495575
952,0,1,0.43682238459587097,0.5631775856018066
953,1,1,0.44533365964889526,0.5546663403511047
954,0,1,0.45385417342185974,0.5461457967758179
955,0,1,0.48744460940361023,0.5125554203987122
956,1,1,0.43540793657302856,0.5645921230316162
957,0,1,0.4462074935436249,0.5537924766540527
958,0,1,0.44375696778297424,0.5562430024147034
959,0,1,0.4651035964488983,0.5348964929580688
960,0,1,0.44406700134277344,0.5559329986572266
961,1,1,0.41983762383461,0.5801623463630676
962,0,0,0.5185496807098389,0.4814503788948059
963,0,1,0.4375569522380829,0.5624430179595947
964,0,0,0.5193976759910583,0.48060235381126404
965,1,1,0.4298305809497833,0.5701694488525391
966,0,1,0.45240989327430725,0.5475901365280151
967,0,0,0.5170937776565552,0.48290616273880005
968,0,1,0.4769817292690277,0.5230183005332947
969,0,1,0.45753777027130127,0.542462170124054
970,0,1,0.49738654494285583,0.5026134252548218
971,1,1,0.4326796233654022,0.5673204064369202
972,1,1,0.43607667088508606,0.5639233589172363
973,0,1,0.44058796763420105,0.5594120621681213
974,0,1,0.43963107466697693,0.5603688955307007
975,1,1,0.43728283047676086,0.5627171397209167
976,1,1,0.4404706656932831,0.5595294237136841
977,0,1,0.48424699902534485,0.5157529711723328
978,1,1,0.441123366355896,0.5588766932487488
979,0,1,0.45371314883232117,0.5462868809700012
980,0,1,0.47197598218917847,0.5280240178108215
981,0,1,0.49250558018684387,0.5074944496154785
982,0,1,0.4575328528881073,0.5424671769142151
983,1,1,0.42379796504974365,0.5762020349502563
984,1,1,0.4419931471347809,0.5580068230628967
985,0,1,0.46345755457878113,0.5365424156188965
986,1,1,0.4310546815395355,0.5689452886581421
987,0,1,0.44336241483688354,0.5566375851631165
988,0,1,0.43743011355400085,0.5625699162483215
989,0,1,0.44882479310035706,0.5511751770973206
990,0,1,0.49137648940086365,0.508623480796814
991,0,1,0.4663807451725006,0.5336192846298218
992,1,1,0.44360288977622986,0.5563971400260925
993,0,1,0.4402000606060028,0.5597999095916748
994,0,0,0.5182319283485413,0.48176810145378113
995,0,1,0.48092031478881836,0.5190796852111816
996,0,1,0.47695788741111755,0.5230421423912048
997,0,1,0.4566013813018799,0.5433986186981201
998,0,1,0.43516427278518677,0.5648357272148132
999,0,1,0.42843663692474365,0.5715633630752563
1000,0,1,0.4370429515838623,0.5629570484161377
1001,0,1,0.4656914472579956,0.5343084931373596
1002,1,1,0.4410318434238434,0.558968186378479
1003,0,1,0.45919907093048096,0.540800929069519
1004,0,1,0.481446236371994,0.5185537934303284
1005,0,0,0.5182841420173645,0.4817159175872803
1006,0,0,0.5082517862319946,0.491748183965683
1007,0,1,0.45552924275398254,0.5444707274436951
1008,0,1,0.4306696057319641,0.5693303942680359
1009,0,1,0.44808775186538696,0.5519123077392578
1010,1,1,0.438784658908844,0.5612154006958008
1011,0,1,0.46898818016052246,0.5310118198394775
1012,0,1,0.47534552216529846,0.5246544480323792
1013,0,0,0.522413969039917,0.4775860011577606
1014,0,1,0.4853701889514923,0.5146298408508301
1015,1,1,0.4501122832298279,0.5498877167701721
1016,1,1,0.4354398846626282,0.5645601153373718
1017,0,1,0.43663525581359863,0.5633647441864014
1018,0,1,0.4759231507778168,0.5240768194198608
1019,0,1,0.4333573281764984,0.5666426420211792
1020,0,1,0.4653766453266144,0.534623384475708
1021,0,0,0.5572607517242432,0.44273918867111206
1022,0,1,0.48837947845458984,0.5116205215454102
1023,0,1,0.4796934425830841,0.5203065276145935
1024,1,1,0.45583128929138184,0.5441687107086182
1025,1,1,0.43336811661720276,0.5666318535804749
1026,1,1,0.4396137297153473,0.5603862404823303
1027,0,1,0.4939119815826416,0.5060880780220032
1028,0,1,0.43788960576057434,0.562110424041748
1029,1,1,0.44580507278442383,0.554194986820221
1030,0,0,0.5203513503074646,0.4796486496925354
1031,1,1,0.43174678087234497,0.568253219127655
1032,1,1,0.4863307774066925,0.5136691927909851
1033,1,1,0.433366984128952,0.5666330456733704
1034,0,0,0.5187652707099915,0.48123469948768616
1035,1,1,0.4308031499385834,0.5691968202590942
1036,0,1,0.44031113386154175,0.5596888661384583
1037,0,1,0.4383999705314636,0.5616000890731812
1038,0,0,0.5189552903175354,0.4810446798801422
1039,0,1,0.4338008463382721,0.5661991834640503
1040,0,1,0.4556899964809418,0.5443099737167358
1041,1,1,0.44742047786712646,0.5525795817375183
1042,1,1,0.4203433096408844,0.579656720161438
1043,0,1,0.4811398386955261,0.5188601613044739
1044,0,0,0.5075005292892456,0.4924995005130768
1045,0,1,0.460597962141037,0.5394020676612854
1046,1,1,0.42833781242370605,0.5716622471809387
1047,1,1,0.4371773600578308,0.5628226399421692
1048,0,0,0.5204541683197021,0.4795458912849426
1049,0,0,0.5460056662559509,0.4539943337440491
1050,0,1,0.44464829564094543,0.555351734161377
1051,0,1,0.47059765458106995,0.5294023156166077
1052,0,1,0.47484010457992554,0.5251599550247192
1053,0,1,0.4806458055973053,0.5193542242050171
1054,0,1,0.4593728482723236,0.540627121925354
1055,0,0,0.5016743540763855,0.4983256459236145
1056,0,1,0.44482821226119995,0.5551717877388
1057,0,1,0.43819716572761536,0.5618028044700623
1058,1,1,0.4359256327152252,0.5640743374824524
1059,0,1,0.43974828720092773,0.5602516531944275
1060,1,1,0.43888989090919495,0.5611101388931274
1061,0,1,0.4463444650173187,0.5536555647850037
1062,0,1,0.4458491802215576,0.5541507601737976
1063,0,1,0.43863508105278015,0.5613649487495422
1064,0,1,0.4584949314594269,0.5415050983428955
1065,0,1,0.4360906779766083,0.5639093518257141
1066,1,1,0.43986260890960693,0.5601373910903931
1067,1,1,0.4399087131023407,0.5600913763046265
1068,0,0,0.5536639094352722,0.4463360905647278
1069,0,0,0.5143362283706665,0.4856637716293335
1070,1,1,0.44846975803375244,0.5515303015708923
1071,1,1,0.4451926350593567,0.5548073649406433
1072,1,1,0.4405420124530792,0.5594579577445984
1073,0,1,0.44307687878608704,0.5569230914115906
1074,0,1,0.4359833300113678,0.5640166401863098
1075,0,1,0.43574169278144836,0.5642582774162292
1076,0,1,0.47211891412734985,0.5278810262680054
1077,0,1,0.4399673640727997,0.5600326657295227
1078,0,1,0.4923352003097534,0.5076647996902466
1079,0,1,0.490952730178833,0.509047269821167
1080,0,0,0.5160907506942749,0.4839092195034027
1081,0,1,0.4364590346813202,0.5635409355163574
1082,0,1,0.4512803554534912,0.548719584941864
1083,0,1,0.4967062473297119,0.5032938122749329
1084,1,1,0.4399590790271759,0.5600408911705017
1085,0,1,0.4533558487892151,0.5466440916061401
1086,1,1,0.4399433434009552,0.560056746006012
1087,0,1,0.4400973320007324,0.5599026083946228
1088,0,1,0.4734119176864624,0.5265880823135376
1089,0,1,0.4971471130847931,0.5028529763221741
1090,0,1,0.46370235085487366,0.536297619342804
1091,0,1,0.4524051547050476,0.5475947856903076
1092,0,0,0.5195193886756897,0.4804805517196655
1093,1,1,0.4303845465183258,0.5696154832839966
1094,0,1,0.45337679982185364,0.546623170375824
1095,0,1,0.4706960618495941,0.5293039679527283
1096,1,1,0.4378461539745331,0.5621538162231445
1097,1,1,0.45176804065704346,0.5482318997383118
1098,0,1,0.44581371545791626,0.5541863441467285
1099,0,1,0.491266667842865,0.5087332725524902
1100,1,1,0.44276461005210876,0.5572353601455688
1101,0,1,0.4609936773777008,0.5390063524246216
1102,0,1,0.47107401490211487,0.5289260149002075
1103,0,1,0.4675557315349579,0.5324442982673645
1104,0,0,0.5043326020240784,0.49566733837127686
1105,0,1,0.44280505180358887,0.5571949481964111
1106,0,1,0.43394699692726135,0.566053032875061
1107,0,1,0.43913164734840393,0.5608683228492737
1108,1,1,0.4411323368549347,0.5588676333427429
1109,0,1,0.4643661677837372,0.5356338620185852
1110,1,1,0.43468812108039856,0.565311849117279
1111,1,1,0.4532332718372345,0.5467667579650879
1112,0,1,0.45044150948524475,0.5495584607124329
1113,0,1,0.44751107692718506,0.5524889230728149
1114,0,1,0.45171916484832764,0.5482807755470276
1115,0,1,0.46963754296302795,0.5303624868392944
1116,0,0,0.5016507506370544,0.49834924936294556
1117,1,1,0.4269290268421173,0.5730710029602051
1118,1,1,0.4440559446811676,0.5559440851211548
1119,0,1,0.47897738218307495,0.521022617816925
1120,0,1,0.43919962644577026,0.5608003735542297
1121,0,1,0.4259192943572998,0.5740806460380554
1122,0,0,0.505768895149231,0.49423113465309143
1123,0,1,0.45653706789016724,0.543462872505188
1124,0,1,0.4437794089317322,0.5562205910682678
1125,0,1,0.4945882260799408,0.5054117441177368
1126,0,0,0.5059035420417786,0.4940964877605438
1127,0,1,0.43311429023742676,0.566885769367218
1128,1,1,0.4365326762199402,0.5634673833847046
1129,0,1,0.46506592631340027,0.5349340438842773
1130,1,1,0.44008806347846985,0.5599119067192078
1131,1,1,0.4365715980529785,0.5634284019470215
1132,0,1,0.4568282961845398,0.543171763420105
1133,0,0,0.5181789994239807,0.4818209707736969
1134,1,1,0.426126629114151,0.5738734006881714
1135,0,1,0.4556148648262024,0.5443851351737976
1136,0,1,0.4419664442539215,0.5580335259437561
1137,1,1,0.43600016832351685,0.5639998316764832
1138,1,1,0.437200665473938,0.5627992749214172
1139,0,1,0.47023290395736694,0.5297670364379883
1140,0,1,0.4425351917743683,0.5574648380279541
1141,0,0,0.520265519618988,0.4797344505786896
1142,0,1,0.4611348509788513,0.5388651490211487
1143,0,1,0.47048091888427734,0.5295191407203674
1144,0,1,0.4340454339981079,0.5659545660018921
1145,1,1,0.4319015443325043,0.5680984258651733
1146,0,1,0.4843677282333374,0.5156323313713074
1147,0,1,0.4595806300640106,0.5404193997383118
1148,0,1,0.4441384971141815,0.5558614730834961
1149,1,1,0.42887014150619507,0.5711298584938049
1150,1,1,0.4241476356983185,0.5758523344993591
1151,0,1,0.48963746428489685,0.5103625655174255
1152,0,0,0.5233509540557861,0.4766490161418915
1153,0,1,0.4854944944381714,0.5145055055618286
1154,0,1,0.48131614923477173,0.5186838507652283
1155,1,1,0.4278128445148468,0.5721871256828308
1156,0,1,0.48873990774154663,0.5112600922584534
1157,1,1,0.43718746304512024,0.5628125667572021
1158,0,1,0.4282979965209961,0.5717020630836487
1159,1,1,0.4498915374279022,0.5501084923744202
1160,0,1,0.4587472379207611,0.5412527322769165
1161,1,1,0.43503043055534363,0.5649695992469788
1162,0,0,0.5226414203643799,0.4773585796356201
1163,0,1,0.4394893944263458,0.5605106353759766
1164,0,0,0.5168867111206055,0.4831133484840393
1165,0,1,0.45525506138801575,0.5447448492050171
1166,0,1,0.48573267459869385,0.5142673850059509
1167,0,1,0.4862746000289917,0.5137253999710083
1168,0,1,0.455959290266037,0.5440406799316406
1169,1,1,0.4358273148536682,0.5641727447509766
1170,0,1,0.4374445378780365,0.5625554323196411
1171,0,1,0.4414210915565491,0.5585789680480957
1172,0,1,0.4377761781215668,0.5622238516807556
1173,0,1,0.4408697187900543,0.5591303706169128
1174,1,1,0.4386007785797119,0.5613991618156433
1175,0,1,0.4828396737575531,0.5171602964401245
1176,1,1,0.43793985247612,0.5620601177215576
1177,0,1,0.44066154956817627,0.5593384504318237
1178,1,1,0.43731164932250977,0.5626883506774902
1179,0,1,0.43803083896636963,0.5619692206382751
1180,0,1,0.42730847001075745,0.5726915597915649
1181,1,1,0.43747076392173767,0.5625292062759399
1182,1,1,0.4377177953720093,0.5622822642326355
1183,1,1,0.4442402720451355,0.5557597279548645
1184,1,1,0.438157856464386,0.561842143535614
1185,0,1,0.4999510645866394,0.5000489950180054
1186,0,1,0.45341014862060547,0.5465898513793945
1187,0,1,0.4665790796279907,0.5334209203720093
1188,1,1,0.4377497434616089,0.5622502565383911
1189,0,1,0.4346006512641907,0.5653993487358093
1190,1,1,0.4327843189239502,0.5672156810760498
1191,0,1,0.4455457329750061,0.5544542670249939
1192,1,1,0.4282866418361664,0.571713387966156
1193,0,1,0.43889909982681274,0.5611009001731873
1194,0,1,0.4384732246398926,0.5615267753601074
1195,0,1,0.467540442943573,0.532459557056427
1196,0,1,0.49343302845954895,0.5065669417381287
1197,1,1,0.43545469641685486,0.5645452737808228
1198,0,1,0.4564085602760315,0.5435914993286133
1199,1,1,0.4142601788043976,0.5857398509979248
1200,1,1,0.43298429250717163,0.5670157670974731
1201,1,1,0.44666752219200134,0.553332507610321
1202,1,1,0.4352951645851135,0.5647048354148865
1203,0,1,0.43570271134376526,0.5642972588539124
1204,0,1,0.48414912819862366,0.5158507823944092
1205,1,1,0.4427489936351776,0.5572510957717896
1206,1,1,0.4450973570346832,0.5549026131629944
1207,0,1,0.4817286431789398,0.5182713866233826
1208,1,1,0.4303746223449707,0.5696253776550293
1209,0,0,0.5000529289245605,0.49994710087776184
1210,0,1,0.4505137503147125,0.5494862198829651
1211,0,1,0.4427368640899658,0.5572630763053894
1212,0,1,0.48701953887939453,0.5129805207252502
1213,0,1,0.4429623484611511,0.5570376515388489
1214,0,1,0.48440805077552795,0.5155919790267944
1215,0,1,0.4345417320728302,0.5654582381248474
1216,0,1,0.4389127790927887,0.5610872507095337
1217,0,1,0.4678046703338623,0.5321952700614929
1218,0,1,0.4682374596595764,0.5317625403404236
1219,0,0,0.5123879909515381,0.4876120686531067
1220,1,1,0.434712678194046,0.5652873516082764
1221,0,1,0.442429780960083,0.557570219039917
1222,0,1,0.43915295600891113,0.5608470439910889
1223,0,1,0.4284086525440216,0.5715913772583008
1224,0,1,0.44769397377967834,0.552306056022644
1225,0,1,0.4636976420879364,0.5363023281097412
1226,0,1,0.45983701944351196,0.540162980556488
1227,0,1,0.44702303409576416,0.5529769062995911
1228,0,1,0.4796380400657654,0.5203619599342346
1229,1,1,0.434455007314682,0.5655449032783508
1230,1,1,0.434083491563797,0.5659165382385254
1231,0,0,0.5070334076881409,0.49296659231185913
1232,1,1,0.43818554282188416,0.5618144869804382
1233,0,1,0.4623545706272125,0.5376453995704651
1234,0,1,0.45007556676864624,0.5499244332313538
1235,0,1,0.475547194480896,0.524452805519104
1236,0,1,0.4458560049533844,0.5541439652442932
1237,0,1,0.4429040253162384,0.557096004486084
1238,0,1,0.44326213002204895,0.5567378997802734
1239,0,1,0.4505024552345276,0.5494976043701172
1240,0,1,0.4376067817211151,0.5623932480812073
1241,1,1,0.43999502062797546,0.5600049495697021
1242,0,1,0.493583083152771,0.5064168572425842
1243,0,1,0.45591381192207336,0.5440861582756042
1244,0,1,0.4824647605419159,0.5175352096557617
1245,1,1,0.4452474117279053,0.5547525882720947
1246,0,1,0.44975781440734863,0.5502422451972961
1247,0,1,0.4785672426223755,0.5214327573776245
1248,0,1,0.4408252537250519,0.5591747760772705
1249,0,1,0.460297167301178,0.5397027730941772
1250,0,1,0.43267694115638733,0.5673230886459351
1251,0,0,0.5039786100387573,0.49602141976356506
1252,0,1,0.4688272774219513,0.5311727523803711
1253,0,1,0.48993921279907227,0.510060727596283
1254,0,1,0.4463115930557251,0.5536884069442749
1255,1,1,0.44088664650917053,0.5591133832931519
1256,0,1,0.4903869926929474,0.509613037109375
1257,0,1,0.4669610857963562,0.5330389142036438
1258,1,1,0.4400128424167633,0.5599871873855591
1259,0,1,0.43772903084754944,0.562270998954773
1260,1,1,0.4448728859424591,0.5551271438598633
1261,1,1,0.4406720995903015,0.5593279004096985
1262,0,0,0.523281455039978,0.4767185151576996
1263,0,1,0.4401455223560333,0.5598544478416443
1264,0,1,0.4580007791519165,0.5419992208480835
1265,0,1,0.469175785779953,0.5308242440223694
1266,0,1,0.48354020714759827,0.5164597630500793
1267,0,1,0.4398804306983948,0.5601195693016052
1268,0,1,0.44033801555633545,0.5596619844436646
1269,1,1,0.4381698668003082,0.5618302226066589
1270,1,1,0.44060662388801575,0.5593933463096619
1271,0,0,0.5233835577964783,0.47661644220352173
1272,0,1,0.47574588656425476,0.5242541432380676
1273,1,1,0.42359229922294617,0.5764076709747314
1274,0,1,0.4784820079803467,0.5215180516242981
1275,0,0,0.5264719128608704,0.47352808713912964
1276,0,1,0.4484294354915619,0.5515705347061157
1277,1,1,0.4385192394256592,0.5614807605743408
1278,0,1,0.4678259491920471,0.5321741104125977
1279,0,1,0.47325974702835083,0.526740312576294
1280,0,0,0.5220284461975098,0.47797149419784546
1281,1,1,0.4324639141559601,0.5675361156463623
1282,0,1,0.44512417912483215,0.5548757910728455
1283,0,1,0.4653250277042389,0.5346750020980835
1284,0,1,0.4596835672855377,0.5403164029121399
1285,0,1,0.4602104127407074,0.5397895574569702
1286,0,1,0.4521813690662384,0.547818660736084
1287,0,1,0.4960186183452606,0.5039814114570618
1288,0,0,0.517953634262085,0.4820464253425598
1289,0,1,0.4672767221927643,0.5327233672142029
1290,1,1,0.4460723102092743,0.5539277195930481
1291,0,0,0.5001585483551025,0.49984148144721985
1292,0,1,0.48430851101875305,0.5156913995742798
1293,0,1,0.471832811832428,0.528167188167572
1294,1,1,0.43974870443344116,0.5602512359619141
1295,0,1,0.4362117052078247,0.5637882947921753
1296,0,1,0.45092257857322693,0.5490773916244507
1297,0,1,0.44971954822540283,0.5502805113792419
1298,0,0,0.5212178826332092,0.47878214716911316
1299,0,1,0.45323893427848816,0.5467610359191895
1300,0,1,0.48971450328826904,0.5102854371070862
1301,0,0,0.5139355659484863,0.48606446385383606
1302,0,1,0.4506123661994934,0.5493875741958618
1303,1,1,0.4270961284637451,0.5729038715362549
1304,0,1,0.4613514840602875,0.5386484861373901
1305,0,1,0.4489184617996216,0.5510815978050232
1306,0,1,0.4471716582775116,0.5528283715248108
1307,0,0,0.5028470158576965,0.4971529245376587
1308,0,1,0.43445244431495667,0.565547525882721
1309,0,1,0.46606773138046265,0.5339322090148926
1310,1,1,0.47272488474845886,0.5272750854492188
1311,0,1,0.46206843852996826,0.5379315614700317
1312,0,1,0.4670778810977936,0.5329221487045288
1313,0,1,0.45286697149276733,0.5471330881118774
1314,1,1,0.43738028407096863,0.562619686126709
1315,0,1,0.4578843414783478,0.5421156287193298
1316,0,1,0.49165815114974976,0.5083418488502502
1317,0,1,0.4758533537387848,0.5241466164588928
1318,0,1,0.486709862947464,0.5132901668548584
1319,1,1,0.4276910126209259,0.5723090171813965
1320,0,1,0.44065338373184204,0.559346616268158
1321,0,1,0.4340832531452179,0.5659167766571045
1322,0,1,0.45057061314582825,0.5494293570518494
1323,1,1,0.4336281418800354,0.5663719177246094
1324,0,1,0.48065197467803955,0.5193480253219604
1325,1,1,0.4454444646835327,0.5545554757118225
1326,0,1,0.483633428812027,0.5163665413856506
1327,0,1,0.4903016984462738,0.5096982717514038
1328,0,1,0.4897151589393616,0.5102848410606384
1329,0,1,0.4998697340488434,0.500130295753479
1330,0,1,0.4865547716617584,0.513445258140564
1331,0,1,0.470807820558548,0.5291921496391296
1332,0,1,0.44013792276382446,0.5598620772361755
1333,1,1,0.436834454536438,0.563165545463562
1334,1,1,0.437799870967865,0.5622001886367798
1335,0,0,0.539458155632019,0.46054181456565857
1336,0,0,0.5019239187240601,0.4980761408805847
1337,0,1,0.4511455297470093,0.5488544702529907
1338,0,1,0.4413492679595947,0.5586507320404053
1339,0,1,0.4726333022117615,0.5273666977882385
1340,0,1,0.4352448284626007,0.5647552013397217
1341,0,1,0.45497775077819824,0.5450222492218018
1342,0,1,0.44058436155319214,0.5594155788421631
1343,1,1,0.44193771481513977,0.5580622553825378
1344,0,1,0.4403427839279175,0.5596572160720825
1345,1,1,0.441275954246521,0.558724045753479
1346,1,1,0.44619420170783997,0.5538057684898376
1347,0,1,0.45696789026260376,0.5430320501327515
1348,0,0,0.5025725960731506,0.4974273443222046
1349,1,1,0.44762131571769714,0.5523786544799805
1350,0,1,0.4809117913246155,0.5190882086753845
1351,0,1,0.43409213423728943,0.565907895565033
1352,0,0,0.531290590763092,0.46870940923690796
1353,0,1,0.433638334274292,0.566361665725708
1354,0,1,0.45047619938850403,0.5495237708091736
1355,1,1,0.4341168999671936,0.5658831596374512
1356,0,1,0.4319213330745697,0.5680786967277527
1357,0,1,0.45183664560317993,0.5481633543968201
1358,1,1,0.4444029927253723,0.5555970072746277
1359,0,1,0.44212597608566284,0.5578740239143372
1360,1,1,0.4437752068042755,0.5562247633934021
1361,0,0,0.5197958946228027,0.4802040159702301
1362,0,1,0.43560343980789185,0.5643965601921082
1363,0,1,0.4402388036251068,0.5597611665725708
1364,0,1,0.44746771454811096,0.5525322556495667
1365,0,0,0.5204370021820068,0.47956302762031555
1366,1,1,0.42921003699302673,0.5707899928092957
1367,0,1,0.4626791477203369,0.5373208522796631
1368,0,1,0.4581162929534912,0.5418837070465088
1369,0,1,0.4730604588985443,0.5269395112991333
1370,0,0,0.5179623365402222,0.4820376932621002
1371,0,1,0.4366000294685364,0.5633999705314636
1372,0,1,0.4572138786315918,0.5427861213684082
1373,0,0,0.5014060735702515,0.49859386682510376
1374,0,1,0.4989543855190277,0.5010457038879395
1375,1,1,0.4445454478263855,0.5554544925689697
1376,0,1,0.44967296719551086,0.5503270626068115
1377,0,0,0.5195849537849426,0.48041507601737976
1378,0,1,0.47441408038139343,0.525585949420929
1379,0,1,0.4548906981945038,0.5451092720031738
1380,1,1,0.4279249310493469,0.5720750093460083
1381,1,1,0.45420727133750916,0.5457926988601685
1382,0,1,0.4794856309890747,0.5205143094062805
1383,0,0,0.5205135345458984,0.4794863760471344
1384,0,1,0.4648159146308899,0.5351840853691101
1385,1,1,0.4322742819786072,0.5677257776260376
1386,0,1,0.43135473132133484,0.5686452984809875
1387,0,1,0.43980351090431213,0.5601964592933655
1388,0,1,0.4282706677913666,0.571729302406311
1389,0,1,0.451454758644104,0.5485453009605408
1390,0,0,0.5046690106391907,0.4953309893608093
1391,0,1,0.4412752389907837,0.5587248206138611
1392,0,1,0.43689170479774475,0.5631082653999329
1393,1,1,0.426967054605484,0.5730329155921936
1394,0,1,0.48441508412361145,0.5155849456787109
1395,0,1,0.43129754066467285,0.5687024593353271
1396,0,0,0.519636869430542,0.4803631007671356
1397,0,0,0.5180822610855103,0.48191767930984497
1398,0,1,0.4563773572444916,0.543622612953186
1399,0,1,0.4325840175151825,0.5674159526824951
1400,0,1,0.47053349018096924,0.529466450214386
1401,0,1,0.4409164488315582,0.5590835213661194
1402,0,1,0.4370401203632355,0.5629599094390869
1403,1,1,0.44552379846572876,0.554476261138916
1404,0,1,0.46137934923171997,0.53862065076828
1405,1,1,0.4338696599006653,0.5661303400993347
1406,0,1,0.45277926325798035,0.5472207069396973
1407,0,1,0.4419167935848236,0.5580832362174988
1408,1,1,0.42810437083244324,0.5718956589698792
1409,0,1,0.4480542242527008,0.5519458055496216
1410,0,1,0.4567418694496155,0.5432580709457397
1411,1,1,0.44012415409088135,0.5598757863044739
1412,0,1,0.44718003273010254,0.5528200268745422
1413,1,1,0.4330604374408722,0.5669395923614502
1414,0,1,0.4887332022190094,0.511266827583313
1415,1,1,0.4375723898410797,0.5624276399612427
1416,0,0,0.5184983015060425,0.48150163888931274
1417,0,1,0.45628923177719116,0.5437107682228088
1418,0,1,0.44730129837989807,0.5526986718177795
1419,0,1,0.47515207529067993,0.5248479247093201
1420,0,0,0.5069497227668762,0.4930502772331238
1421,1,1,0.43052446842193604,0.569475531578064
1422,0,1,0.4821479022502899,0.5178520679473877
1423,1,1,0.4769972860813141,0.5230027437210083
1424,1,1,0.4286559224128723,0.5713441371917725
1425,0,1,0.47995030879974365,0.5200497508049011
1426,0,1,0.48886609077453613,0.5111339092254639
1427,0,1,0.45083755254745483,0.5491623878479004
1428,0,1,0.43871790170669556,0.5612820386886597
1429,0,1,0.49645760655403137,0.5035423636436462
1430,0,1,0.44081804156303406,0.5591819882392883
1431,0,1,0.4721478521823883,0.5278521776199341
1432,0,1,0.4836432635784149,0.5163567066192627
1433,0,1,0.4428934156894684,0.557106614112854
1434,1,1,0.43701639771461487,0.5629835724830627
1435,1,1,0.4252776801586151,0.5747223496437073
1436,1,1,0.4426269233226776,0.5573731064796448
1437,0,1,0.4975524842739105,0.5024474859237671
1438,0,0,0.5236054062843323,0.4763946533203125
1439,0,1,0.47355595231056213,0.5264440774917603
1440,1,1,0.44277340173721313,0.5572266578674316
1441,1,1,0.43673044443130493,0.5632695555686951
1442,0,0,0.5227203369140625,0.4772796928882599
1443,1,1,0.43227526545524597,0.5677247643470764
1444,0,1,0.44341546297073364,0.5565845370292664
1445,0,1,0.44695302844047546,0.5530469417572021
1446,0,1,0.4800080955028534,0.519991934299469
1447,1,1,0.4514290988445282,0.5485709309577942
1448,1,1,0.4444575309753418,0.5555424094200134
1449,0,1,0.4560460150241852,0.5439539551734924
1450,0,0,0.5070450305938721,0.49295490980148315
1451,0,1,0.4391803741455078,0.5608196258544922
1452,0,1,0.4988512396812439,0.5011487603187561
1453,1,1,0.43961650133132935,0.5603834986686707
1454,0,1,0.4557717442512512,0.5442283153533936
1455,1,1,0.4311214089393616,0.5688785910606384
1456,0,1,0.4438629746437073,0.556136965751648
1457,0,0,0.5164652466773987,0.4835347831249237
1458,1,1,0.446749210357666,0.553250789642334
1459,0,0,0.506251871585846,0.49374815821647644
1460,0,1,0.4600188136100769,0.5399811863899231
1461,0,1,0.4345000088214874,0.5654999613761902
1462,0,1,0.49958905577659607,0.5004109144210815
1463,0,1,0.4290774464607239,0.5709225535392761
1464,0,0,0.5189551115036011,0.4810449481010437
1465,0,0,0.5161448121070862,0.4838552474975586
1466,0,1,0.4471842646598816,0.5528157949447632
1467,0,1,0.47609883546829224,0.523901104927063
1468,1,1,0.4289957880973816,0.5710042119026184
1469,1,1,0.42706459760665894,0.5729353427886963
1470,0,1,0.466774046421051,0.533225953578949
1471,0,1,0.4493505358695984,0.5506494641304016
1472,0,1,0.47373610734939575,0.5262638926506042
1473,0,1,0.4742228388786316,0.5257772207260132
1474,0,1,0.4772592782974243,0.5227407217025757
1475,1,1,0.4438817501068115,0.5561182498931885
1476,1,1,0.4247223734855652,0.5752776265144348
1477,0,1,0.4616997539997101,0.5383002758026123
1478,1,1,0.4300306439399719,0.5699694156646729
1479,0,1,0.4468490481376648,0.5531509518623352
1480,0,1,0.4636293947696686,0.5363706350326538
1481,0,1,0.4420482814311981,0.5579517483711243
1482,0,0,0.5179857611656189,0.4820142984390259
1483,0,1,0.49541646242141724,0.5045835971832275
1484,1,1,0.4278515875339508,0.5721484422683716
1485,1,1,0.4406612515449524,0.5593386888504028
1486,0,1,0.44975215196609497,0.5502477884292603
1487,0,1,0.46834126114845276,0.5316587090492249
1488,1,1,0.4296562671661377,0.5703437328338623
1489,0,1,0.4762082099914551,0.5237917900085449
1490,0,1,0.4495665431022644,0.5504335165023804
1491,0,1,0.4500032365322113,0.5499967932701111
1492,0,1,0.46013057231903076,0.5398694276809692
1493,0,1,0.44911953806877136,0.5508804321289062
1494,0,1,0.4462404251098633,0.5537595748901367
1495,0,1,0.43746107816696167,0.5625389218330383
1496,0,0,0.5221999287605286,0.4778001308441162
1497,0,1,0.4778483808040619,0.5221515893936157
1498,0,0,0.5016523003578186,0.4983476996421814
1499,0,1,0.4335291385650635,0.5664709210395813
1500,0,1,0.44879743456840515,0.5512025356292725
1501,0,1,0.4761519134044647,0.5238480567932129
1502,0,1,0.457292377948761,0.542707622051239
1503,0,1,0.4620235562324524,0.5379765033721924
1504,0,1,0.4418618679046631,0.5581381320953369
1505,0,1,0.44036129117012024,0.5596387982368469
1506,0,1,0.4389951527118683,0.5610048770904541
1507,1,1,0.4344460368156433,0.5655540227890015
1508,0,1,0.4775354564189911,0.5224645137786865
1509,0,1,0.4921983778476715,0.5078015923500061
1510,1,1,0.4359026849269867,0.5640972852706909
1511,0,1,0.4518100917339325,0.5481899976730347
1512,0,1,0.4994901120662689,0.5005099177360535
1513,0,1,0.46177366375923157,0.5382263660430908
1514,0,0,0.5046451091766357,0.4953548312187195
1515,0,1,0.47751522064208984,0.5224847793579102
1516,0,1,0.47149401903152466,0.5285059213638306
1517,0,1,0.4754098355770111,0.5245900750160217
1518,0,0,0.5062822699546814,0.493717759847641
1519,0,1,0.43702906370162964,0.5629709959030151
1520,1,1,0.43632322549819946,0.5636767745018005
1521,1,1,0.4380377233028412,0.5619623064994812
1522,0,1,0.4710215926170349,0.5289784669876099
1523,1,1,0.4394048750400543,0.5605951547622681
1524,1,1,0.4356350302696228,0.5643649697303772
1525,1,1,0.4344804286956787,0.5655195713043213
1526,0,1,0.46648404002189636,0.5335159301757812
1527,0,1,0.48178884387016296,0.5182111263275146
1528,0,0,0.5092343091964722,0.49076563119888306
1529,0,1,0.472194641828537,0.5278052687644958
1530,0,1,0.4780571162700653,0.5219429135322571
1531,0,1,0.489894837141037,0.5101050734519958
1532,0,1,0.442053884267807,0.5579460859298706
1533,0,1,0.4403260052204132,0.5596740245819092
1534,1,1,0.45491188764572144,0.5450881719589233
1535,1,1,0.4364771842956543,0.5635228157043457
1536,0,0,0.5096293687820435,0.4903706908226013
1537,1,1,0.4377521872520447,0.5622478127479553
1538,0,1,0.44936224818229675,0.5506377816200256
1539,0,1,0.449832558631897,0.5501673817634583
1540,0,1,0.45242905616760254,0.5475710034370422
1541,1,1,0.45191630721092224,0.5480837225914001
1542,1,1,0.4276377558708191,0.5723622441291809
1543,1,1,0.44399023056030273,0.556009829044342
1544,0,1,0.4538517892360687,0.5461481809616089
1545,0,1,0.44452035427093506,0.5554797053337097
1546,1,1,0.438848078250885,0.5611519813537598
1547,0,1,0.45574766397476196,0.544252336025238
1548,1,1,0.44793349504470825,0.552066445350647
1549,1,1,0.43650078773498535,0.5634991526603699
1550,0,1,0.47666069865226746,0.5233393311500549
1551,0,1,0.4477289617061615,0.5522710680961609
1552,0,1,0.43508607149124146,0.5649139285087585
1553,0,1,0.4471784830093384,0.5528214573860168
1554,0,1,0.47862181067466736,0.5213781595230103
1555,1,1,0.4493941068649292,0.5506058931350708
1556,1,1,0.42642542719841003,0.5735746026039124
1557,1,1,0.43755844235420227,0.5624415874481201
1558,0,1,0.48089033365249634,0.5191096067428589
1559,0,1,0.4547261595726013,0.5452739000320435
1560,1,1,0.4267602264881134,0.5732397437095642
1561,0,1,0.47719648480415344,0.5228034853935242
1562,1,1,0.43205350637435913,0.5679464936256409
1563,0,1,0.45968109369277954,0.5403188467025757
1564,0,1,0.4949549734592438,0.5050450563430786
1565,1,1,0.4351826608181,0.5648173093795776
1566,1,1,0.4701961576938629,0.5298038721084595
1567,0,0,0.5111474394798279,0.4888525903224945
1568,0,1,0.4747280180454254,0.5252719521522522
1569,0,1,0.48421305418014526,0.5157869458198547
1570,0,1,0.4337241053581238,0.566275954246521
1571,0,1,0.4408404529094696,0.559159517288208
1572,0,1,0.45240887999534607,0.5475911498069763
1573,0,0,0.5080140829086304,0.491985946893692
1574,0,1,0.49247822165489197,0.5075217485427856
1575,1,1,0.42824792861938477,0.5717520713806152
1576,1,1,0.43200698494911194,0.5679929852485657
1577,0,1,0.4424877166748047,0.5575122833251953
1578,0,1,0.4673880636692047,0.5326119065284729
1579,0,1,0.4471944272518158,0.5528056025505066
1580,0,0,0.5172367095947266,0.48276323080062866
1581,1,1,0.4455313980579376,0.55446857213974
1582,0,1,0.45409005880355835,0.5459100008010864
1583,1,1,0.4262506365776062,0.5737494230270386
1584,1,1,0.42447999119758606,0.5755199790000916
1585,0,0,0.5370957255363464,0.4629042148590088
1586,0,0,0.5146188735961914,0.4853811264038086
1587,0,0,0.5204601287841797,0.47953981161117554
1588,0,1,0.454149067401886,0.5458508729934692
1589,1,1,0.4383504390716553,0.5616495609283447
1590,0,1,0.47670531272888184,0.5232947468757629
1591,0,1,0.4289812445640564,0.5710188150405884
1592,0,1,0.46964582800865173,0.5303542017936707
1593,0,0,0.520371675491333,0.4796283543109894
1594,0,0,0.5018179416656494,0.4981820285320282
1595,1,1,0.42738398909568787,0.5726159811019897
1596,1,1,0.43202587962150574,0.5679740905761719
1597,1,1,0.43674781918525696,0.5632521510124207
1598,0,0,0.5071254372596741,0.4928745925426483
1599,0,1,0.4598360061645508,0.5401639938354492
1600,0,1,0.45803481340408325,0.541965126991272
1601,0,0,0.5125065445899963,0.4874934256076813
1602,0,0,0.5034133791923523,0.4965866208076477
1603,0,1,0.46724966168403625,0.5327502489089966
1604,1,1,0.43230149149894714,0.5676985383033752
1605,0,0,0.5186802744865417,0.48131972551345825
1606,0,1,0.47440043091773987,0.5255995392799377
1607,0,0,0.507432222366333,0.4925677478313446
1608,0,1,0.498442143201828,0.5015578269958496
1609,0,1,0.44421547651290894,0.5557845830917358
1610,1,1,0.4241250455379486,0.575874924659729
1611,1,1,0.4407825469970703,0.5592175126075745
1612,0,1,0.49441036581993103,0.5055896639823914
1613,0,0,0.5020207762718201,0.49797919392585754
1614,1,1,0.45785149931907654,0.5421485304832458
1615,1,1,0.42856165766716003,0.5714383125305176
1616,0,1,0.46513473987579346,0.5348653197288513
1617,1,1,0.42911478877067566,0.5708852410316467
1618,1,1,0.4322771728038788,0.567722737789154
1619,0,1,0.4416539669036865,0.5583459734916687
1620,0,1,0.47512683272361755,0.5248731970787048
1621,0,1,0.47903722524642944,0.5209628343582153
1622,0,1,0.48116371035575867,0.5188363194465637
1623,0,1,0.49231430888175964,0.5076857209205627
1624,0,1,0.4709201753139496,0.529079794883728
1625,0,0,0.5052234530448914,0.4947766065597534
1626,0,1,0.492555171251297,0.5074447393417358
1627,0,1,0.47014591097831726,0.5298540592193604
1628,0,0,0.5176887512207031,0.48231127858161926
1629,0,1,0.4781622886657715,0.5218377113342285
1630,0,1,0.44664108753204346,0.5533589124679565
1631,0,1,0.4693593680858612,0.5306406021118164
1632,0,1,0.45702046155929565,0.5429795384407043
1633,1,1,0.42761296033859253,0.5723870396614075
1634,1,1,0.43408969044685364,0.5659103393554688
1635,0,1,0.4473342299461365,0.5526657104492188
1636,1,1,0.4378054440021515,0.5621945261955261
1637,0,0,0.5289750099182129,0.4710250794887543
1638,0,1,0.43961599469184875,0.5603840351104736
1639,0,1,0.45718809962272644,0.5428118705749512
1640,0,1,0.4497663676738739,0.5502336621284485
1641,1,1,0.4343359172344208,0.5656641125679016
1642,1,1,0.4341653883457184,0.565834641456604
1643,0,1,0.4490826725959778,0.5509172677993774
1644,0,1,0.48467180132865906,0.5153282284736633
1645,0,1,0.459562748670578,0.5404372811317444
1646,0,1,0.44054993987083435,0.559450089931488
1647,0,1,0.47089678049087524,0.52910315990448
1648,0,1,0.4424925148487091,0.5575075149536133
1649,0,1,0.46883636713027954,0.5311635732650757
1650,0,1,0.4388917088508606,0.5611082911491394
1651,0,1,0.48696374893188477,0.5130361914634705
1652,0,1,0.455096960067749,0.5449029803276062
1653,0,1,0.4793456494808197,0.5206543803215027
1654,1,1,0.44040051102638245,0.5595993995666504
1655,0,1,0.4804808795452118,0.5195190906524658
1656,0,1,0.4591391980648041,0.5408608317375183
1657,0,1,0.46750977635383606,0.5324901938438416
1658,1,1,0.4288625717163086,0.5711374878883362
1659,0,1,0.44608476758003235,0.55391526222229
1660,0,1,0.4581075608730316,0.5418924689292908
1661,1,1,0.4413447380065918,0.5586552619934082
1662,1,1,0.4377143085002899,0.5622857213020325
1663,0,1,0.4672427773475647,0.5327571630477905
1664,1,1,0.4425574243068695,0.5574425458908081
1665,0,1,0.4397428333759308,0.5602571964263916
1666,0,1,0.45949456095695496,0.5405054092407227
1667,0,1,0.4287787973880768,0.5712212324142456
1668,0,1,0.49012291431427,0.5098771452903748
1669,1,1,0.4383612871170044,0.5616387128829956
1670,0,0,0.5186396837234497,0.4813603460788727
1671,0,1,0.47522464394569397,0.5247753262519836
1672,0,1,0.4523635506629944,0.5476365089416504
1673,0,1,0.4634007215499878,0.5365992784500122
1674,0,1,0.4582301676273346,0.541769802570343
1675,0,1,0.43501025438308716,0.5649898052215576
1676,0,0,0.5180935263633728,0.4819064438343048
1677,1,1,0.4390076994895935,0.5609923005104065
1678,0,1,0.476431667804718,0.523568332195282
1679,1,1,0.4384124279022217,0.5615875124931335
1680,0,1,0.43694910407066345,0.5630508661270142
1681,1,1,0.4300919771194458,0.569908082485199
1682,1,1,0.43880495429039,0.5611950159072876
1683,0,1,0.4411862790584564,0.558813750743866
1684,1,1,0.43773195147514343,0.5622680187225342
1685,0,1,0.4497694671154022,0.5502305626869202
1686,0,1,0.4286702871322632,0.5713297128677368
1687,0,0,0.5878065824508667,0.4121934175491333
1688,0,1,0.4621133506298065,0.5378866195678711
1689,0,1,0.44616252183914185,0.5538375377655029
1690,1,1,0.442664235830307,0.5573357343673706
1691,0,1,0.4583826959133148,0.5416173338890076
1692,0,1,0.44244465231895447,0.5575553178787231
1693,0,1,0.44554829597473145,0.5544517040252686
1694,1,1,0.43079662322998047,0.5692033767700195
1695,0,1,0.46561557054519653,0.5343843698501587
1696,0,1,0.45342400670051575,0.5465759038925171
1697,0,1,0.45078733563423157,0.549212634563446
1698,0,0,0.5111701488494873,0.4888297915458679
1699,1,1,0.4491943418979645,0.5508056282997131
1700,0,1,0.4535667300224304,0.5464333295822144
1701,1,1,0.4491020143032074,0.550898015499115
1702,1,1,0.4451955556869507,0.5548044443130493
1703,0,1,0.48456594347953796,0.5154340863227844
1704,0,1,0.4838334918022156,0.5161665678024292
1705,0,1,0.48713651299476624,0.5128634572029114
1706,0,1,0.4732336103916168,0.5267663598060608
1707,0,1,0.47608962655067444,0.5239103436470032
1708,0,1,0.48744070529937744,0.5125592947006226
1709,0,1,0.44543665647506714,0.5545632839202881
1710,1,1,0.4334256052970886,0.5665743350982666
1711,1,1,0.4396251440048218,0.5603748559951782
1712,0,1,0.4842665195465088,0.515733540058136
1713,0,1,0.4907040297985077,0.5092959403991699
1714,0,1,0.4766903221607208,0.5233097672462463
1715,0,1,0.4630577862262726,0.5369422435760498
1716,0,1,0.49359890818595886,0.506401002407074
1717,0,1,0.45490139722824097,0.545098602771759
1718,0,1,0.4375913441181183,0.5624086260795593
1719,0,0,0.5102922320365906,0.4897077679634094
1720,0,1,0.45587965846061707,0.5441203713417053
1721,0,1,0.45103874802589417,0.5489612221717834
1722,0,1,0.43590301275253296,0.564096987247467
1723,0,1,0.4379505217075348,0.5620494484901428
1724,0,1,0.45451608300209045,0.5454839468002319
1725,1,1,0.43494734168052673,0.5650526881217957
1726,0,0,0.5030807256698608,0.4969193637371063
1727,0,1,0.4728524386882782,0.5271475315093994
1728,1,1,0.43970465660095215,0.5602954030036926
1729,0,1,0.45017144083976746,0.5498285889625549
1730,0,1,0.48339349031448364,0.5166065692901611
1731,1,1,0.44205161929130554,0.5579484105110168
1732,1,1,0.4348042905330658,0.5651956796646118
1733,1,1,0.44317731261253357,0.556822657585144
1734,0,1,0.4344272017478943,0.5655728578567505
1735,0,1,0.47002774477005005,0.5299721956253052
1736,1,1,0.44480350613594055,0.5551964640617371
1737,0,1,0.46693170070648193,0.5330682396888733
1738,0,1,0.48971882462501526,0.5102812051773071
1739,0,1,0.4377247989177704,0.562275230884552
1740,0,1,0.43839505314826965,0.561604917049408
1741,0,1,0.44276928901672363,0.5572307109832764
1742,0,0,0.5008487701416016,0.49915117025375366
1743,0,1,0.44175687432289124,0.5582430362701416
1744,0,1,0.4356110692024231,0.5643889307975769
1745,0,1,0.4339626729488373,0.5660372972488403
1746,0,1,0.47096455097198486,0.5290354490280151
1747,1,1,0.4376274049282074,0.5623725652694702
1748,1,1,0.4454829692840576,0.5545170903205872
1749,0,1,0.4455972909927368,0.5544027090072632
1750,0,1,0.46325257420539856,0.536747395992279
1751,0,1,0.4376314580440521,0.5623685717582703
1752,0,1,0.4939573407173157,0.5060426592826843
1753,1,1,0.42671602964401245,0.5732839107513428
1754,0,1,0.4377576410770416,0.5622423887252808
1755,0,1,0.46992674469947815,0.5300732851028442
1756,1,1,0.42938145995140076,0.5706185698509216
1757,1,1,0.45400622487068176,0.5459938049316406
1758,1,1,0.44303449988365173,0.5569655299186707
1759,0,1,0.4559188783168793,0.5440810322761536
1760,0,1,0.45321357250213623,0.5467864274978638
1761,0,1,0.44252559542655945,0.5574744343757629
1762,0,0,0.5167074799537659,0.48329252004623413
1763,0,0,0.523678183555603,0.47632184624671936
1764,0,1,0.4653324782848358,0.5346675515174866
1765,0,1,0.4427548944950104,0.557245135307312
1766,1,1,0.4370456635951996,0.5629543662071228
1767,1,1,0.4496075212955475,0.5503924489021301
1768,0,1,0.4622347950935364,0.5377652049064636
1769,0,1,0.44343388080596924,0.556566059589386
1770,0,1,0.44105255603790283,0.5589474439620972
1771,1,1,0.4399256408214569,0.5600742697715759
1772,0,0,0.5228254795074463,0.4771745502948761
1773,1,1,0.43708738684654236,0.5629127025604248
1774,0,1,0.4388197660446167,0.5611802339553833
1775,0,0,0.5137680172920227,0.4862319529056549
1776,0,1,0.4619391858577728,0.5380607843399048
1777,0,1,0.43647444248199463,0.5635255575180054
1778,0,1,0.4469693601131439,0.5530306100845337
1779,1,1,0.43846532702445984,0.5615346431732178
1780,0,1,0.47305989265441895,0.5269401669502258
1781,1,1,0.4785524308681488,0.5214475393295288
1782,1,1,0.41483351588249207,0.5851665139198303
1783,1,1,0.48698386549949646,0.5130162239074707
1784,0,1,0.45342299342155457,0.5465770959854126
1785,0,1,0.4331912696361542,0.5668087005615234
1786,0,1,0.4574073553085327,0.5425926446914673
1787,0,1,0.4654620289802551,0.5345379710197449
1788,0,1,0.46543288230895996,0.53456711769104
1789,0,1,0.4538864493370056,0.5461135506629944
1790,0,0,0.5198891758918762,0.48011091351509094
1791,0,1,0.46576565504074097,0.534234344959259
1792,0,1,0.4485439360141754,0.5514560341835022
1793,0,1,0.4679437279701233,0.5320562720298767
1794,0,0,0.547641932964325,0.4523581266403198
1795,0,1,0.4362541139125824,0.56374591588974
1796,0,1,0.4873131811618805,0.5126867890357971
1797,0,0,0.5095235109329224,0.49047642946243286
1798,1,1,0.43511369824409485,0.5648863315582275
1799,0,0,0.5223752856254578,0.4776247441768646
1800,1,1,0.4398431181907654,0.5601569414138794
1801,1,1,0.4430730640888214,0.5569269061088562
1802,1,1,0.4438530206680298,0.556147038936615
1803,0,1,0.4405543804168701,0.5594456195831299
1804,0,1,0.4652908146381378,0.5347091555595398
1805,0,0,0.5096701383590698,0.4903298318386078
1806,0,0,0.5106363892555237,0.4893636405467987
1807,0,0,0.5163455009460449,0.48365452885627747
1808,0,1,0.453657865524292,0.546342134475708
1809,0,1,0.4356387257575989,0.5643613338470459
1810,1,1,0.4352973997592926,0.564702570438385
1811,0,1,0.4577580690383911,0.5422418713569641
1812,0,1,0.4378640651702881,0.5621359944343567
1813,0,1,0.4594687521457672,0.5405312776565552
1814,1,1,0.457231730222702,0.5427682399749756
1815,1,1,0.43417924642562866,0.5658208131790161
1816,1,1,0.4435712993144989,0.5564286112785339
1817,0,1,0.4752666652202606,0.5247333645820618
1818,0,1,0.4628334641456604,0.5371665954589844
1819,0,1,0.4441438615322113,0.5558561682701111
1820,1,1,0.428973913192749,0.5710260272026062
1821,0,1,0.46074312925338745,0.5392568707466125
1822,1,1,0.43915092945098877,0.5608490705490112
1823,0,0,0.5067084431648254,0.4932915270328522
1824,0,1,0.4611196219921112,0.5388803482055664
1825,1,1,0.4386443793773651,0.5613555908203125
1826,1,1,0.4247923791408539,0.5752075910568237
1827,0,1,0.47456735372543335,0.5254326462745667
1828,1,1,0.4376891255378723,0.5623108148574829
1829,0,1,0.46589750051498413,0.5341024994850159
1830,0,0,0.5124082565307617,0.4875917434692383
1831,0,1,0.4701966941356659,0.5298033356666565
1832,0,0,0.5277742147445679,0.47222578525543213
1833,0,1,0.4682007431983948,0.5317992568016052
1834,1,1,0.4386446475982666,0.5613553524017334
1835,0,1,0.44660282135009766,0.5533971786499023
1836,0,0,0.5202662348747253,0.47973379492759705
1837,1,1,0.43720003962516785,0.5627999305725098
1838,1,1,0.4557083249092102,0.5442917346954346
1839,1,1,0.43903839588165283,0.5609615445137024
1840,0,0,0.5128564238548279,0.4871436059474945
1841,0,1,0.44585585594177246,0.5541441440582275
1842,0,1,0.4992079734802246,0.5007920265197754
1843,1,1,0.4397582411766052,0.5602418184280396
1844,0,1,0.44650352001190186,0.5534964799880981
1845,0,1,0.4417194724082947,0.5582805275917053
1846,1,1,0.45005470514297485,0.5499452948570251
1847,1,1,0.4469691514968872,0.5530309081077576
1848,0,1,0.4421418309211731,0.5578581690788269
1849,0,1,0.45780110359191895,0.5421989560127258
1850,1,1,0.43741729855537415,0.5625826716423035
1851,0,0,0.5206559300422668,0.47934409976005554
1852,0,0,0.5165964961051941,0.48340344429016113
1853,1,1,0.43017321825027466,0.5698268413543701
1854,0,1,0.4365628659725189,0.5634371042251587
1855,0,1,0.4526243507862091,0.5473756790161133
1856,0,1,0.4425183832645416,0.557481586933136
1857,0,1,0.47469189763069153,0.5253081321716309
1858,0,1,0.44337624311447144,0.5566237568855286
1859,0,1,0.4441160261631012,0.5558840036392212
1860,0,1,0.46017932891845703,0.539820671081543
1861,0,1,0.4651438295841217,0.5348561406135559
1862,1,0,0.5200262069702148,0.47997379302978516
1863,0,1,0.48168671131134033,0.5183133482933044
1864,1,1,0.4570830464363098,0.5429169535636902
1865,1,1,0.43038344383239746,0.5696166157722473
1866,1,1,0.43686363101005554,0.5631363987922668
1867,0,0,0.5172280669212341,0.4827718734741211
1868,1,1,0.4443039000034332,0.5556961297988892
1869,0,0,0.5178720355033875,0.48212793469429016
1870,0,1,0.4406127631664276,0.5593872666358948
1871,1,1,0.43205615878105164,0.5679438710212708
1872,0,1,0.4696497619152069,0.5303503274917603
1873,0,0,0.5168617367744446,0.48313823342323303
1874,0,1,0.4347374737262726,0.5652625560760498
1875,0,0,0.5403823256492615,0.45961761474609375
1876,0,1,0.4643207788467407,0.5356792211532593
1877,0,1,0.47519850730895996,0.52480149269104
1878,0,1,0.46119463443756104,0.5388053059577942
1879,0,1,0.4368022680282593,0.5631977319717407
1880,1,1,0.438631147146225,0.5613688826560974
1881,0,0,0.513283371925354,0.486716628074646
1882,0,1,0.4537617862224579,0.5462382435798645
1883,0,1,0.4501776099205017,0.5498223900794983
1884,0,1,0.47990474104881287,0.5200952291488647
1885,0,1,0.4751838147640228,0.5248161554336548
1886,0,1,0.4540015757083893,0.5459984540939331
1887,0,1,0.43794259428977966,0.5620574355125427
1888,1,1,0.4367493987083435,0.5632506012916565
1889,0,1,0.43591153621673584,0.5640884637832642
1890,0,1,0.4508857727050781,0.5491142272949219
1891,0,1,0.4730343222618103,0.5269656181335449
1892,0,1,0.4899960160255432,0.5100039839744568
1893,0,1,0.4341811537742615,0.5658189058303833
1894,0,1,0.4783784747123718,0.5216215252876282
1895,1,1,0.43918728828430176,0.560812771320343
1896,0,1,0.4435660243034363,0.5564340353012085
1897,0,1,0.46331289410591125,0.5366870760917664
1898,0,1,0.436991810798645,0.563008189201355
1899,0,0,0.5217793583869934,0.47822070121765137
1900,0,1,0.4537200331687927,0.5462799072265625
1901,1,1,0.4373432993888855,0.5626567006111145
1902,0,1,0.4833555221557617,0.5166444778442383
1903,1,1,0.44265085458755493,0.5573491454124451
1904,0,1,0.4542909562587738,0.5457090139389038
1905,0,1,0.4647904634475708,0.5352094769477844
1906,1,1,0.4390071928501129,0.5609928369522095
1907,0,1,0.44459256529808044,0.5554074645042419
1908,0,1,0.47945302724838257,0.5205470323562622
1909,0,1,0.4744829833507538,0.5255170464515686
1910,0,1,0.45555058121681213,0.5444493889808655
1911,0,1,0.45582327246665955,0.5441766977310181
1912,0,1,0.44769102334976196,0.5523089170455933
1913,0,1,0.4377557337284088,0.5622442960739136
1914,1,1,0.45022860169410706,0.5497713685035706
1915,0,0,0.5224506258964539,0.47754937410354614
1916,0,1,0.43120503425598145,0.5687949657440186
1917,0,0,0.5021988153457642,0.49780118465423584
1918,0,1,0.44092124700546265,0.5590787529945374
1919,0,1,0.4826120138168335,0.5173879265785217
1920,0,1,0.4395197331905365,0.5604802370071411
1921,0,1,0.44259217381477356,0.557407796382904
1922,1,1,0.432271808385849,0.5677281618118286
1923,0,1,0.4615758955478668,0.5384240746498108
1924,0,1,0.45342153310775757,0.5465784072875977
1925,0,1,0.4468447268009186,0.553155243396759
1926,0,1,0.438651978969574,0.561348021030426
1927,0,1,0.4389561414718628,0.5610438585281372
1928,1,1,0.45901307463645935,0.5409868955612183
1929,0,0,0.5100317597389221,0.4899681508541107
1930,0,1,0.4684779942035675,0.5315220355987549
1931,0,1,0.4387187361717224,0.5612812638282776
1932,0,1,0.46539589762687683,0.5346040725708008
1933,0,1,0.4767240285873413,0.5232759714126587
1934,0,1,0.45152127742767334,0.5484787225723267
1935,0,1,0.4395076036453247,0.5604924559593201
1936,1,1,0.4524792730808258,0.5475207567214966
1937,0,1,0.44005125761032104,0.559948742389679
1938,0,1,0.46445396542549133,0.535546064376831
1939,0,0,0.5202909708023071,0.4797089397907257
1940,1,1,0.4333650469779968,0.5666349530220032
1941,1,1,0.43831467628479004,0.56168532371521
1942,1,1,0.44507673382759094,0.5549232959747314
1943,0,0,0.5109325051307678,0.48906758427619934
1944,0,1,0.4783206582069397,0.5216792821884155
1945,0,1,0.4392508566379547,0.5607491135597229
1946,0,0,0.5218704342842102,0.4781295657157898
1947,0,1,0.4424237608909607,0.5575762391090393
1948,0,1,0.4544820785522461,0.5455179214477539
1949,0,1,0.43254178762435913,0.5674581527709961
1950,0,1,0.4519111216068268,0.5480888485908508
1951,0,1,0.4396088421344757,0.5603911280632019
1952,0,1,0.46481648087501526,0.5351834893226624
1953,1,1,0.4409419298171997,0.5590580701828003
1954,0,1,0.44311943650245667,0.556880533695221
1955,0,1,0.4390885829925537,0.5609114766120911
1956,1,1,0.44540801644325256,0.5545920133590698
1957,0,1,0.48373422026634216,0.5162658095359802
1958,0,1,0.4583134949207306,0.541686475276947
1959,0,1,0.4825883209705353,0.5174117088317871
1960,0,0,0.5082240104675293,0.4917759895324707
1961,1,1,0.43683549761772156,0.5631645321846008
1962,0,0,0.5080350041389465,0.49196505546569824
1963,0,1,0.4864444434642792,0.5135555267333984
1964,0,1,0.44342392683029175,0.5565760731697083
1965,0,1,0.43991321325302124,0.5600867867469788
1966,0,1,0.45097464323043823,0.5490253567695618
1967,0,1,0.4593527615070343,0.5406472682952881
1968,0,1,0.47596344351768494,0.5240365862846375
1969,1,1,0.42879757285118103,0.5712023973464966
1970,1,1,0.42566806077957153,0.5743318796157837
1971,0,1,0.4484855830669403,0.5515143871307373
1972,0,1,0.4433528184890747,0.5566471815109253
1973,0,1,0.48417800664901733,0.5158219933509827
1974,0,1,0.4441184401512146,0.5558815598487854
1975,0,0,0.5155786275863647,0.48442134261131287
1976,0,1,0.47292882204055786,0.5270711779594421
1977,0,1,0.4403325915336609,0.5596674084663391
1978,0,0,0.5196729302406311,0.4803270697593689
1979,1,1,0.44160982966423035,0.558390200138092
1980,0,1,0.44544580578804016,0.5545541644096375
1981,0,1,0.44937393069267273,0.5506260991096497
1982,0,1,0.48261114954948425,0.5173888206481934
1983,0,1,0.4651148021221161,0.5348852276802063
1984,0,1,0.46019911766052246,0.5398009419441223
1985,0,1,0.4848276674747467,0.5151723623275757
1986,0,1,0.4412479102611542,0.5587520599365234
1987,0,0,0.5370461344718933,0.4629538655281067
1988,0,1,0.48180127143859863,0.5181987285614014
1989,0,1,0.4442925453186035,0.5557075142860413
1990,0,1,0.4312182664871216,0.5687817335128784
1991,1,1,0.4394838511943817,0.5605161190032959
1992,0,0,0.5035139322280884,0.49648600816726685
1993,0,1,0.45757997035980225,0.5424200296401978
1994,0,1,0.462680459022522,0.537319540977478
1995,0,1,0.4613376259803772,0.538662314414978
1996,0,0,0.5176630616188049,0.48233696818351746
1997,0,1,0.44592833518981934,0.5540716648101807
1998,1,1,0.426561564207077,0.5734384655952454
1999,0,1,0.44166800379753113,0.5583319664001465
2000,0,1,0.47834956645965576,0.5216504335403442
2001,1,1,0.438129723072052,0.5618703365325928
2002,0,1,0.4687357544898987,0.5312642455101013
2003,1,1,0.43179851770401,0.5682014226913452
2004,0,1,0.4347164034843445,0.5652835369110107
2005,0,1,0.4381491243839264,0.5618508458137512
2006,0,1,0.4839875400066376,0.5160124897956848
2007,1,1,0.4430985152721405,0.5569014549255371
2008,1,1,0.43799588084220886,0.5620041489601135
2009,0,1,0.43993619084358215,0.5600638389587402
2010,1,1,0.43938326835632324,0.5606167316436768
2011,0,1,0.4730975329875946,0.5269024968147278
2012,1,1,0.4494335651397705,0.5505664944648743
2013,0,1,0.44362929463386536,0.5563706755638123
2014,1,1,0.4489617347717285,0.5510382056236267
2015,0,1,0.4355853199958801,0.5644147396087646
2016,1,1,0.4288914203643799,0.5711085200309753
2017,0,1,0.47532761096954346,0.5246723294258118
2018,0,1,0.48789945244789124,0.5121005773544312
2019,0,1,0.47269338369369507,0.5273066163063049
2020,1,1,0.42590489983558655,0.5740950703620911
2021,0,1,0.49798262119293213,0.5020173788070679
2022,1,1,0.43228358030319214,0.5677164196968079
2023,0,1,0.4698183536529541,0.5301816463470459
2024,0,0,0.5208334922790527,0.47916650772094727
2025,1,1,0.4375016391277313,0.5624982714653015
2026,0,1,0.4623885750770569,0.5376114249229431
2027,0,1,0.4661696255207062,0.5338304042816162
2028,0,1,0.4391788840293884,0.5608211159706116
2029,1,1,0.4350464344024658,0.5649535655975342
2030,0,1,0.43601366877555847,0.5639863610267639
2031,0,1,0.43693751096725464,0.5630624890327454
2032,0,1,0.4867611527442932,0.513238787651062
2033,0,0,0.5218636393547058,0.4781363606452942
2034,0,1,0.47187575697898865,0.528124213218689
2035,0,0,0.5349339842796326,0.4650660753250122
2036,0,0,0.502539336681366,0.49746063351631165
2037,0,1,0.44458651542663574,0.5554134249687195
2038,1,1,0.45851022005081177,0.5414897799491882
2039,0,0,0.5130578875541687,0.4869421720504761
